Unnamed: 0,discharge_cfs_mean,log_q,log_q_anomaly,precip_mm_sum,spi_1,spi_3,spi_6,spi_12,month_sin,month_cos,log_q_anomaly_lag1,ym,log_chl_anomaly,log_q_anomaly_lag0,log_q_anomaly_lag2,log_q_anomaly_lag3
2003-07,39.52903225806452,3.677035395806408,-0.8863767421003423,52.5,-0.4400286304578722,-1.4641638047359702,0.702068066669604,-0.2600744476404614,-0.4999999999999998,-0.8660254037844388,-0.9367218621001364,2003-07,-0.8025987122411601,-0.8863767421003423,-0.785598869251904,-0.3957829954583092
2003-08,49.52903225806452,3.902559007908652,-1.2847219959258918,97.5,-0.3001991132332684,-1.0926128911533506,0.5523335438024721,-0.4130939280839337,-0.8660254037844384,-0.5000000000000004,-0.8863767421003423,2003-08,0.0453268833108038,-1.2847219959258918,-0.9367218621001364,-0.785598869251904
2003-09,193.94333333333333,5.2675660201749865,-0.6132428764020244,103.7,-0.5389510980161275,-0.852628899731275,0.0503161498996352,-0.2384124453619514,-1.0,-1.8369701987210294e-16,-1.2847219959258918,2003-09,0.28965543370628044,-0.6132428764020244,-0.8863767421003423,-0.9367218621001364
2003-10,505.9032258064516,6.226345397649278,0.2383321552356356,187.5,0.5163210861819735,-0.308958277766229,-1.1625409192305112,0.0010030258193682,-0.8660254037844386,0.5000000000000001,-0.6132428764020244,2003-10,-0.05724482971573589,0.2383321552356356,-1.2847219959258918,-0.8863767421003423
2003-11,995.0,6.902742737158593,1.2122898884384812,483.7000000000001,2.7934715154733953,1.8735953403001264,0.9038127408032324,1.336226064573617,-0.5000000000000004,0.8660254037844384,0.2383321552356356,2003-11,0.4870338599358097,1.2122898884384812,-0.6132428764020244,-1.2847219959258918
2003-12,298.0,5.697093486505405,0.9778331845605042,114.8,1.103648302397207,2.8479588942610183,1.470388147830991,1.6000412682080989,-2.4492935982947064e-16,1.0,1.2122898884384812,2003-12,0.3160836831415842,0.9778331845605042,0.2383321552356356,-0.6132428764020244
2004-01,131.91290322580645,4.882141880759761,0.7533082128743782,106.2,1.2276019086180572,3.0384437222768668,1.927986872106005,1.7387642024419314,0.4999999999999999,0.8660254037844387,0.9778331845605042,2004-01,-0.2556120470266688,0.7533082128743782,1.2122898884384812,0.2383321552356356
2004-02,63.720689655172414,4.154509308196906,0.2897894136203272,49.9,0.2086847237990579,0.9966293414189902,2.003282705727217,1.7842562862972513,0.8660254037844386,0.5000000000000001,0.7533082128743782,2004-02,0.45338759721262323,0.2897894136203272,0.9778331845605042,1.2122898884384812
2004-03,54.20967741935484,3.992859442680014,0.2113032183292063,75.2,0.7023432783870437,0.8094330938292479,2.3824351054110053,1.697818912391025,1.0,6.123233995736766e-17,0.2897894136203272,2004-03,-0.37071975228156107,0.2113032183292063,0.7533082128743782,0.9778331845605042
2004-04,145.76333333333332,4.981984301892682,0.7240856457979747,104.9,0.6464928236455222,0.510443156055368,2.494381076054211,1.049937844313323,0.8660254037844387,-0.4999999999999998,0.2113032183292063,2004-04,-0.9629544142167532,0.7240856457979747,0.2897894136203272,0.7533082128743782
2004-09,614.0333333333333,6.420049215490062,0.539240318913051,146.5,0.0353130825420104,0.0376194206613022,1.042969937099798,2.3763660561137705,-1.0,-1.8369701987210294e-16,0.7240856457979747,2004-09,0.6054515761175036,0.539240318913051,0.2113032183292063,0.2897894136203272
2004-10,418.8709677419355,6.037562919611703,0.0495496771980601,150.5,0.1003060599844955,-0.0335203346597498,0.8712028990282267,2.124884261632614,-0.8660254037844386,0.5000000000000001,0.539240318913051,2004-10,-0.13942651855214208,0.0495496771980601,0.7240856457979747,0.2113032183292063
2004-11,216.26666666666668,5.376512214133093,-0.3139406345870181,47.599999999999994,-1.1590377721022824,-0.6500279632650474,-0.4423063815850083,0.8774787379737923,-0.5000000000000004,0.8660254037844384,0.0495496771980601,2004-11,-0.07772874158075921,-0.3139406345870181,0.539240318913051,0.7240856457979747
2004-12,98.18387096774192,4.586841955106104,-0.1324183468387962,41.5,-0.2089157061219636,-0.916187316205359,-0.5658115355877112,0.6089969015482183,-2.4492935982947064e-16,1.0,-0.3139406345870181,2004-12,-0.04102500951480462,-0.1324183468387962,0.0495496771980601,0.539240318913051
2005-01,59.29032258064516,4.082446098430486,-0.0463875694548967,8.799999999999999,-1.159115627486518,-1.6476322591636117,-0.9349080467301052,0.2721224481118116,0.4999999999999999,0.8660254037844387,-0.1324183468387962,2005-01,0.5596232238764969,-0.0463875694548967,-0.3139406345870181,0.0495496771980601
2005-02,31.532142857142855,3.451007433732333,-0.4137124608442462,9.1,-1.02823983369439,-1.294594688783828,-1.242792249813237,0.1263007734953872,0.8660254037844386,0.5000000000000001,-0.0463875694548967,2005-02,0.6586002130224972,-0.4137124608442462,-0.1324183468387962,-0.3139406345870181
2005-03,16.06451612903226,2.776612872539507,-1.004943351811301,13.2,-1.2444196913017256,-2.056239125235587,-1.5951558216960828,-0.0915941104001065,1.0,6.123233995736766e-17,-0.4137124608442462,2005-03,0.1094750274074055,-1.004943351811301,-0.0463875694548967,-0.1324183468387962
2005-04,78.40333333333334,4.361866443459343,0.1039677873646356,124.4,0.919080000359359,-0.3319219890399483,-1.3498255437099531,-0.0208189208705222,0.8660254037844387,-0.4999999999999998,-1.004943351811301,2005-04,-0.24701888741128775,0.1039677873646356,-0.4137124608442462,-0.0463875694548967
2005-05,189.1032258064516,5.242293034252132,0.4729289963636462,216.8,1.3131388173478142,1.0450016456483993,0.1883836595017477,-0.3021320483709137,0.4999999999999999,-0.8660254037844387,0.1039677873646356,2005-05,-0.8868723055704135,0.4729289963636462,-1.004943351811301,-0.4137124608442462
2005-09,475.93333333333334,6.1652777884002505,0.2844688918232396,96.0,-0.6589160494327695,-0.1159814793813616,1.20841777796377,0.0579979652493492,-1.0,-1.8369701987210294e-16,0.4729289963636462,2005-09,-0.04502098292507059,0.2844688918232396,0.1039677873646356,-1.004943351811301
2005-10,1539.354838709677,7.339118671726706,1.3511054293130638,374.6,2.057472685340187,0.6095147973234282,1.836715126379072,0.8353431065770762,-0.8660254037844386,0.5000000000000001,0.2844688918232396,2005-10,0.4526727158082987,1.3511054293130638,0.4729289963636462,0.1039677873646356
2005-11,370.46666666666664,5.914763472177711,0.2243106234575993,51.9,-1.0584314573142783,0.5591268215527707,0.9965340668436654,0.8534232325908263,-0.5000000000000004,0.8660254037844384,1.3511054293130638,2005-11,-0.26594564149272665,0.2243106234575993,0.2844688918232396,0.4729289963636462
2005-12,110.26129032258063,4.702852915637782,-0.0164073863071188,4.9,-1.9775225288604092,0.7547451262552759,0.3236012524519556,0.7066764960234851,-2.4492935982947064e-16,1.0,0.2243106234575993,2005-12,-0.14855937780508757,-0.0164073863071188,1.3511054293130638,0.2844688918232396
2006-01,68.58709677419354,4.228104423369358,0.0992707554839755,121.1,1.4164939030375787,-0.536435162005086,0.1759194181563362,1.0901971925602196,0.4999999999999999,0.8660254037844387,-0.0164073863071188,2006-01,0.4547457614990098,0.0992707554839755,0.2243106234575993,1.3511054293130638
2006-02,42.8,3.756538102587751,-0.1081817919888279,42.1,0.0566004106355395,0.1528435510118584,0.4584219119764643,1.2249033045791455,0.8660254037844386,0.5000000000000001,0.0992707554839755,2006-02,0.23249750431956334,-0.1081817919888279,-0.0164073863071188,0.2243106234575993
2006-03,93.7032258064516,4.54013261561498,0.7585763912641723,154.4,1.9006463412975956,1.4566015936869872,1.2967397401944984,1.618278624306298,1.0,6.123233995736766e-17,-0.1081817919888279,2006-03,-0.4307831488399442,0.7585763912641723,0.0992707554839755,-0.0164073863071188
2006-04,181.72333333333333,5.202485383961649,0.944586727866942,120.4,0.8655444662335052,1.1945506782365212,0.4527003525079318,1.6698833745675992,0.8660254037844387,-0.4999999999999998,0.7585763912641723,2006-04,0.12781930021779508,0.944586727866942,-0.1081817919888279,0.0992707554839755
2006-05,98.64516129032258,4.591529182003861,-0.1778348558846243,126.0,0.5167766691943864,1.3502259721096173,1.0638399682722093,1.3335769958748744,0.4999999999999999,-0.8660254037844387,0.944586727866942,2006-05,1.364865836746376,-0.1778348558846243,0.7585763912641723,-0.1081817919888279
2006-07,83.97741935483872,4.430547945501192,-0.1328641924055587,95.0,0.4122350472516266,0.465852221263997,0.9540530672587711,0.7259973600683096,-0.4999999999999998,-0.8660254037844388,-0.1778348558846243,2006-07,0.2628958411917133,-0.1328641924055587,0.944586727866942,0.7585763912641723
2006-09,333.0,5.808142489980444,-0.0726664065965669,81.7,-0.9008661161207536,-0.6651494023876633,-0.1143485266634136,0.8142321815484136,-1.0,-1.8369701987210294e-16,-0.1328641924055587,2006-09,0.207114287985035,-0.0726664065965669,-0.1778348558846243,0.944586727866942
2006-10,200.2516129032258,5.299574640364101,-0.6884386020495414,96.9,-0.6483991165479993,-1.168082753945664,-0.6235632929498888,-0.1738197521276028,-0.8660254037844386,0.5000000000000001,-0.0726664065965669,2006-10,-0.5074626033071179,-0.6884386020495414,-0.1328641924055587,-0.1778348558846243
2006-11,149.92000000000002,5.010101818490112,-0.6803510302299998,136.8,0.2636449951969935,-0.8868583017130631,-0.6100969799693461,0.1263494089707833,-0.5000000000000004,0.8660254037844384,-0.6884386020495414,2006-11,-0.0517032953955916,-0.6803510302299998,-0.0726664065965669,-0.1328641924055587
2006-12,74.74838709677418,4.314127634737322,-0.4051326672075781,43.7,-0.1523236038126377,-0.5294004787291416,-0.8880895289352823,0.2289382002234337,-2.4492935982947064e-16,1.0,-0.6803510302299998,2006-12,-0.3125063972138914,-0.4051326672075781,-0.6884386020495414,-0.0726664065965669
2007-01,63.24516129032258,4.147018623342479,0.0181849554570963,50.599999999999994,0.3145552183772595,0.0186426718437001,-1.0649842009114256,-0.0359106398428874,0.4999999999999999,0.8660254037844387,-0.4051326672075781,2007-01,0.2003710339212382,0.0181849554570963,-0.6803510302299998,-0.6884386020495414
2007-02,28.289285714285715,3.34248313629503,-0.522236758281549,32.2,-0.1676528206008418,-0.2894459998331198,-0.9782485184237152,-0.0739196927943362,0.8660254037844386,0.5000000000000001,0.0181849554570963,2007-02,0.3743648121654235,-0.522236758281549,-0.4051326672075781,-0.6803510302299998
2007-04,65.05,4.1751562049585145,-0.0827424511361929,47.6,-0.4312918451999099,-0.7118361561832606,-0.4977749526345633,-0.8471580156362001,0.8660254037844387,-0.4999999999999998,-0.522236758281549,2007-04,0.6622435895007736,-0.0827424511361929,0.0181849554570963,-0.4051326672075781
2007-09,171.16,5.142598791548616,-0.7382101050283945,186.6,0.4777121493701758,0.6441418233916351,-0.2697413109245501,-0.6440850747923715,-1.0,-1.8369701987210294e-16,-0.0827424511361929,2007-09,-0.8228943628056108,-0.7382101050283945,-0.522236758281549,0.0181849554570963
2007-10,348.0225806451613,5.8522673645807926,-0.1357458778328499,259.9,1.1955217553225064,0.770691439496425,0.4469371567624067,0.0506518153651346,-0.8660254037844386,0.5000000000000001,-0.7382101050283945,2007-10,-0.06417664905643865,-0.1357458778328499,-0.0827424511361929,-0.522236758281549
2007-11,279.8,5.634075062231381,-0.0563777864887304,90.5,-0.3484302133477738,0.6446941403539896,0.5963945575486094,-0.1293783764061149,-0.5000000000000004,0.8660254037844384,-0.1357458778328499,2007-11,0.11064713832717152,-0.0563777864887304,-0.7382101050283945,-0.0827424511361929
2007-12,252.23870967741937,5.530375899767883,0.8111155978229823,91.4,0.7685662301609776,0.8296084322322181,0.9073822312950974,0.0080597515433556,-2.4492935982947064e-16,1.0,-0.0563777864887304,2007-12,0.2076787216616027,0.8111155978229823,-0.1357458778328499,-0.7382101050283945
2008-01,92.62258064516128,4.528532963384825,0.3996992954994418,18.3,-0.6275068037647614,-0.291662872071517,0.4474147122483021,-0.122698811689997,0.4999999999999999,0.8660254037844387,0.8111155978229823,2008-01,0.27643089473465854,0.3996992954994418,-0.0563777864887304,-0.1357458778328499
2008-02,46.97931034482759,3.849707299362005,-0.0150125952145745,17.299999999999997,-0.6256194037703747,-0.2835805029180385,0.323366196133744,-0.1831419205920495,0.8660254037844386,0.5000000000000001,0.3996992954994418,2008-02,-0.7771236349824944,-0.0150125952145745,0.8111155978229823,-0.0563777864887304
2008-03,38.512903225806454,3.6509933338661966,-0.1305628904846112,57.3,0.3243116649677038,-0.7055895549310593,0.2299344101362706,-0.0813917889393793,1.0,6.123233995736766e-17,-0.0150125952145745,2008-03,-0.2945876061586058,-0.1305628904846112,0.3996992954994418,0.8111155978229823
2008-04,66.55666666666667,4.198053715130697,-0.0598449409640107,39.3,-0.6547710047490604,-0.7552044855472744,-0.7556803755402637,-0.1191796327815398,0.8660254037844387,-0.4999999999999998,-0.1305628904846112,2008-04,-0.6782729717274383,-0.0598449409640107,-0.0150125952145745,0.3996992954994418
2008-05,147.03870967741935,4.9906958832520845,0.2213318453635988,72.7,-0.1485419027618205,-0.5395289190702666,-0.6353867444407647,0.1222698405521801,0.4999999999999999,-0.8660254037844387,-0.0598449409640107,2008-05,0.08595599081869609,0.2213318453635988,-0.1305628904846112,-0.0150125952145745
2008-07,83.70645161290322,4.4273160547268535,-0.1360960831798969,37.4,-0.8532667909524561,-1.0834365638165968,-1.3135805830704,-0.517080140642266,-0.4999999999999998,-0.8660254037844388,0.2213318453635988,2008-07,0.3589918322225024,-0.1360960831798969,-0.0598449409640107,-0.1305628904846112
2008-08,143.6032258064516,4.967054120195044,-0.2202268836394996,150.9,0.437401616560056,-0.5782167492471431,-0.9786222983748036,-0.3929466741096737,-0.8660254037844384,-0.5000000000000004,-0.1360960831798969,2008-08,-0.7363083985649301,-0.2202268836394996,0.2213318453635988,-0.0598449409640107
2008-09,1038.6333333333334,6.945661025381369,1.0648521288043584,287.2,1.3639720441600096,0.7176179044212107,-0.0900194085045283,0.0467818152117042,-1.0,-1.8369701987210294e-16,-0.2202268836394996,2008-09,0.44473665472796786,1.0648521288043584,-0.1360960831798969,0.2213318453635988
2008-10,574.6774193548387,6.35380887355479,0.3657956311411476,151.4,0.1111909966957158,0.889445247583884,0.1196965624572016,-0.3271473200275557,-0.8660254037844386,0.5000000000000001,1.0648521288043584,2008-10,-0.8825092270266104,0.3657956311411476,-0.2202268836394996,-0.1360960831798969
2008-11,411.96666666666664,6.02094243992758,0.3304895912074688,121.9,0.084486416952923,0.7802061222692951,0.2305831736231773,-0.2218634197834511,-0.5000000000000004,0.8660254037844384,0.3657956311411476,2008-11,-0.14665741177880576,0.3304895912074688,1.0648521288043584,-0.2202268836394996
2009-06,50.56333333333334,3.9232266759354713,-0.4577456517286893,1.8,-1.9503067311429447,0.4774538693762291,,,1.2246467991473532e-16,-1.0,-0.2654952376635653,2009-06,0.8814621087816852,-0.4577456517286893,0.1303961067173,0.1037288684074084
2009-10,685.483870967742,6.530124969867416,0.5421117274537739,135.70000000000002,-0.0853201035454923,-0.0052404405056315,0.35251365202403,,-0.8660254037844386,0.5000000000000001,-0.4577456517286893,2009-10,0.14565107462065946,0.5421117274537739,-0.2654952376635653,0.1303961067173
2009-11,474.5,6.162261618049983,0.4718087693298711,167.9,0.5995292809289401,-0.057494233383622,-0.0032047900708294,,-0.5000000000000004,0.8660254037844384,0.5421117274537739,2009-11,0.2519414701502113,0.4718087693298711,-0.4577456517286893,-0.2654952376635653
2009-12,153.23548387096776,5.031975848443902,0.3127155464990014,16.9,-1.0687310471512392,-0.1298977083924609,0.0954435578888334,,-2.4492935982947064e-16,1.0,0.4718087693298711,2009-12,0.1252943212970609,0.3127155464990014,0.5421117274537739,-0.4577456517286893
2010-01,73.97096774193548,4.303672688411796,0.1748390205264129,14.9,-0.7867774875565243,-0.2969420333287871,-0.2785375578666711,0.0187833418410298,0.4999999999999999,0.8660254037844387,0.3127155464990014,2010-01,0.051176335438390785,0.1748390205264129,0.4718087693298711,0.5421117274537739
2010-02,64.46785714285714,4.166166760719212,0.3014468661426326,59.0,0.366899974235726,-0.7578637862591151,-0.5004470740732934,-0.0258252646305891,0.8660254037844386,0.5000000000000001,0.1748390205264129,2010-02,0.4321625337506581,0.3014468661426326,0.3127155464990014,0.4718087693298711
2010-03,54.53548387096774,3.998851570009681,0.2172953456588731,42.4,-0.0562421136776269,-0.3726545593380483,-0.3542263329907631,0.0479056173745924,1.0,6.123233995736766e-17,0.3014468661426326,2010-03,0.31295314643260785,0.2172953456588731,0.1748390205264129,0.3127155464990014
2010-04,118.62,4.775925106410581,0.5180264503158734,64.0,-0.0593652565903012,-0.1191796062170543,-0.375225837866828,0.0017012142280551,0.8660254037844387,-0.4999999999999998,0.2172953456588731,2010-04,-1.0458065427269405,0.5180264503158734,0.3014468661426326,0.1748390205264129
2010-08,431.03225806451616,6.0661829320002765,0.8789019281657326,127.6,0.1415628437731828,1.3374335611407149,0.9636952598177008,0.285790435987309,-0.8660254037844384,-0.5000000000000004,0.5180264503158734,2010-08,0.369777615326127,0.8789019281657326,0.2172953456588731,0.3014468661426326
2010-10,1465.1935483870968,7.289742627664755,1.3017293852511127,254.3,1.147722929123927,0.784095527514995,1.4679644375808545,0.9093382421915897,-0.8660254037844386,0.5000000000000001,0.8789019281657326,2010-10,0.6002877508886756,1.3017293852511127,0.5180264503158734,0.2172953456588731
2010-11,336.93333333333334,5.81988508684593,0.1294322381258181,162.7,0.5464046431939072,1.025340833808311,1.4175630859047423,0.8982575797836466,-0.5000000000000004,0.8660254037844384,1.3017293852511127,2010-11,0.024707049453993823,0.1294322381258181,0.8789019281657326,0.5180264503158734
2010-12,81.68709677419355,4.402896055172638,-0.3163642467722622,14.8,-1.178989695841575,0.7576462004451028,0.9894194089412964,0.8658603109285005,-2.4492935982947064e-16,1.0,0.1294322381258181,2010-12,0.45956141436699716,-0.3163642467722622,1.3017293852511127,0.8789019281657326
2011-05,516.3354838709678,6.246756716758099,1.477392678869613,280.5,1.7515212586578182,1.7917469515968054,,,0.4999999999999999,-0.8660254037844387,-0.2854397461900553,2011-05,0.6280408340906882,1.477392678869613,-0.2213235788745784,-0.1829392187616778
2011-09,488.3666666666667,6.191066489839158,0.3102575932621469,338.6,1.740441561149805,1.56165490853826,2.3217551743824436,,-1.0,-1.8369701987210294e-16,1.477392678869613,2011-09,0.3728389074824998,0.3102575932621469,-0.2854397461900553,-0.2213235788745784
2011-10,327.03225806451616,5.790058814547148,-0.1979544278664944,107.7,-0.4780712854143014,1.1764671444125294,1.819330333983523,,-0.8660254037844386,0.5000000000000001,0.3102575932621469,2011-10,-0.023213190061940545,-0.1979544278664944,1.477392678869613,-0.2854397461900553
2011-11,370.8,5.9156628336917,0.2252099849715882,133.9,0.229836260345251,0.8909662180916873,1.0471303757140182,,-0.5000000000000004,0.8660254037844384,-0.1979544278664944,2011-11,0.11258973578642857,0.2252099849715882,0.3102575932621469,1.477392678869613
2011-12,136.49354838709678,4.916277348944616,0.1970170469997159,55.5,0.1218388899343349,-0.3419460095798805,1.0259567430027532,,-2.4492935982947064e-16,1.0,0.2252099849715882,2011-12,-0.40474490860610857,0.1970170469997159,-0.1979544278664944,0.3102575932621469
2012-01,67.81290322580645,4.216752489904108,0.0879188220187252,31.6,-0.1574628134406787,-0.0795296588372738,0.9376640527218316,1.4374909430846377,0.4999999999999999,0.8660254037844387,0.1970170469997159,2012-01,0.3501348851300133,0.0879188220187252,0.2252099849715882,-0.1979544278664944
2012-02,47.158620689655166,3.853516827778672,-0.0112030667979068,46.5,0.1445512771994685,-0.2075971665567197,0.57343459628594,1.541182029055939,0.8660254037844386,0.5000000000000001,0.0879188220187252,2012-02,-0.25003260040509667,-0.0112030667979068,0.1970170469997159,0.2252099849715882
2012-04,114.09333333333332,4.737016826881744,0.4791181707870366,10.4,-1.9244455275366263,0.7108569338291968,0.334154244378936,1.5931995083903698,0.8660254037844387,-0.4999999999999998,-0.0112030667979068,2012-04,1.0704597877332849,0.4791181707870366,0.0879188220187252,0.1970170469997159
2012-05,191.8967741935484,5.256957593041979,0.4875935551534933,144.2,0.7003567364114134,1.0237149303566233,0.6125035495327033,1.1229073457117449,0.4999999999999999,-0.8660254037844387,0.4791181707870366,2012-05,-0.10463657441933633,0.4875935551534933,-0.0112030667979068,0.0879188220187252
2012-06,50.64666666666667,3.9248734174069657,-0.4560989102571948,26.2,-0.5828096005046797,-0.4502656850389558,0.3648910070759026,0.9348293615488762,1.2246467991473532e-16,-1.0,0.4875935551534933,2012-06,0.2595394416528392,-0.4560989102571948,0.4791181707870366,-0.0112030667979068
2012-09,261.46666666666664,5.566306805654081,-0.3145020909229297,163.2,0.228287447544875,0.8018545600148833,0.2471313290942022,0.424579562537117,-1.0,-1.8369701987210294e-16,-0.4560989102571948,2012-09,-1.0056768794518394,-0.3145020909229297,0.4875935551534933,0.4791181707870366
2012-10,382.61290322580646,5.94702378154413,-0.0409894608695129,226.8,0.9026178461300493,0.9145076113255416,0.8914851655550268,0.8115522713618879,-0.8660254037844386,0.5000000000000001,-0.3145020909229297,2012-10,0.32045293679636105,-0.0409894608695129,-0.4560989102571948,0.4875935551534933
2012-11,246.66666666666663,5.508037897530106,-0.1824149511900055,172.60000000000002,0.646627554699247,0.7921330855192807,0.8287895935313389,0.9393072399819976,-0.5000000000000004,0.8660254037844384,-0.0409894608695129,2012-11,0.4327898179818975,-0.1824149511900055,-0.3145020909229297,-0.4560989102571948
2013-03,35.33870967741935,3.5649789545503747,-0.2165772698004331,54.2,0.2511696608119678,-0.4018611788994579,,,1.0,6.123233995736766e-17,-0.0523593836916216,2013-03,0.14369985280738423,-0.2165772698004331,0.3310869656546797,0.7350953626792345
2013-05,271.79999999999995,5.605066501717043,0.8357024638285573,137.2,0.6316197207861147,0.5649281018995649,,,0.4999999999999999,-0.8660254037844387,-0.2165772698004331,2013-05,0.3861982155645953,0.8357024638285573,-0.0523593836916216,0.3310869656546797
2013-09,331.6666666666667,5.804130448490483,-0.0766784480865281,190.8,0.5202569124366427,0.2537410963022883,,,-1.0,-1.8369701987210294e-16,0.8357024638285573,2013-09,0.37406099025864004,-0.0766784480865281,-0.2165772698004331,-0.0523593836916216
2013-11,260.40666666666664,5.562244511645202,-0.1282083370749092,133.5,0.2251347989705605,-0.0896870648844365,,,-0.5000000000000004,0.8660254037844384,-0.0766784480865281,2013-11,0.059050194369113476,-0.1282083370749092,0.8357024638285573,-0.2165772698004331
2013-12,111.37096774193547,4.712866680798301,-0.0063936211465991,110.9,1.0510475846289,0.0474788248994966,0.1450197378748026,,-2.4492935982947064e-16,1.0,-0.1282083370749092,2013-12,0.13635315645380164,-0.0063936211465991,-0.0766784480865281,0.8357024638285573
2014-01,50.380645161290325,3.919607076743429,-0.2092265911419542,16.1,-0.7277653743544236,0.2889964286165229,-0.1856767405067145,,0.4999999999999999,0.8660254037844387,-0.0063936211465991,2014-01,0.21869221251217474,-0.2092265911419542,-0.1282083370749092,-0.0766784480865281
2014-02,47.510714285714286,3.860955249514656,-0.0037646450619228,12.2,-0.8521403693208384,-0.1451120136444962,-0.2416678399474301,,0.8660254037844386,0.5000000000000001,-0.2092265911419542,2014-02,0.6365306397150418,-0.0037646450619228,-0.0063936211465991,-0.1282083370749092
2014-03,41.73548387096774,3.731351699124738,-0.0502045252260692,97.5,1.0987254200319172,-0.2507177157292337,-0.1666206573516456,,1.0,6.123233995736766e-17,-0.0037646450619228,2014-03,0.5311678541947152,-0.0502045252260692,-0.2092265911419542,-0.0063936211465991
2014-05,51.44516129032258,3.940516411022054,-0.8288476268664318,64.5,-0.2776656671115974,-0.4372848016947446,-0.4699121113728452,,0.4999999999999999,-0.8660254037844387,-0.0502045252260692,2014-05,0.6056465906457715,-0.8288476268664318,-0.0037646450619228,-0.2092265911419542
2014-07,35.00322580645161,3.555440223141016,-1.0079719147657349,10.4,-1.9297325457924,-1.9088623158379097,-1.7082191670264366,-1.2341573275978877,-0.4999999999999998,-0.8660254037844388,-0.8288476268664318,2014-07,-0.03429215739646185,-1.0079719147657349,-0.0502045252260692,-0.0037646450619228
2014-09,160.16666666666666,5.076214939742237,-0.8045939568347737,110.1,-0.4438523983351805,0.5554431917375383,-0.5427040453174095,-0.545709267209966,-1.0,-1.8369701987210294e-16,-1.0079719147657349,2014-09,-0.2212821972019504,-0.8045939568347737,-0.8288476268664318,-0.0502045252260692
2014-10,208.3548387096774,5.339242581547326,-0.6487706608663162,102.6,-0.5569547705196077,0.6250585625693075,-0.4245528583208569,-0.4497949161820541,-0.8660254037844386,0.5000000000000001,-0.8045939568347737,2014-10,0.0584495418745241,-0.6487706608663162,-1.0079719147657349,-0.8288476268664318
2014-11,308.53333333333336,5.731829887211357,0.0413770384912455,181.6,0.7345330774708633,-0.2765911855841386,0.0697137415676482,-0.2795770290800219,-0.5000000000000004,0.8660254037844384,-0.6487706608663162,2014-11,-0.23581918306093497,0.0413770384912455,-0.8045939568347737,-1.0079719147657349
2014-12,177.26129032258066,5.177624860549135,0.4583645586042344,139.6,1.4143123638686304,0.6992865676494432,0.7623040116958528,-0.2124177207283568,-2.4492935982947064e-16,1.0,0.0413770384912455,2014-12,-0.08711039027015335,0.4583645586042344,-0.6487706608663162,-0.8045939568347737
2015-01,79.80000000000001,4.379523504455763,0.2506898365703804,96.2,1.091335172433134,1.468171877562552,1.3529387952943632,0.0820143895402637,0.4999999999999999,0.8660254037844387,0.4583645586042344,2015-01,-0.8987351206269589,0.2506898365703804,0.0413770384912455,-0.6487706608663162
2015-02,121.36785714285716,4.798826075387367,0.9341061808107876,85.0,0.7441059628120938,1.331277255520796,0.5798058505140361,0.3586970560014756,0.8660254037844386,0.5000000000000001,0.2506898365703804,2015-02,-0.18792481418899598,0.9341061808107876,0.4583645586042344,0.0413770384912455
2015-03,80.29032258064517,4.385649097882446,0.6040928735316382,57.6,0.3312487100746044,0.871287508662567,0.8943273138499908,0.2190716810241135,1.0,6.123233995736766e-17,0.9341061808107876,2015-03,-0.36131902796666204,0.6040928735316382,0.2506898365703804,0.4583645586042344
2015-04,251.63333333333333,5.527973001477469,1.2700743453827616,79.6,0.237955606352995,0.4412472226821363,1.2214132147081809,0.458223507448237,0.8660254037844387,-0.4999999999999998,0.6040928735316382,2015-04,0.5350946181486032,1.2700743453827616,0.9341061808107876,0.2506898365703804
2015-05,119.5,4.783316371371566,0.01395233348308,93.3,0.1378415035530211,0.0752771643787297,0.973064113472118,0.5696363595652689,0.4999999999999999,-0.8660254037844387,1.2700743453827616,2015-05,-1.1433945703829358,0.01395233348308,0.6040928735316382,0.9341061808107876
2015-08,64.68709677419355,4.1695617499978415,-1.0177192538367024,44.0,-1.41294374639664,-2.1352113520977603,-1.4630527712535186,-0.4289977845136705,-0.8660254037844384,-0.5000000000000004,0.01395233348308,2015-08,0.4968600403252822,-1.0177192538367024,1.2700743453827616,0.6040928735316382
2015-09,237.49666666666664,5.4701535882884835,-0.4106553082885273,74.6,-1.0322471289947013,-1.963329253764578,-1.9056426789585403,-0.5380752700134569,-1.0,-1.8369701987210294e-16,-1.0177192538367024,2015-09,0.12658539929358514,-0.4106553082885273,0.01395233348308,1.2700743453827616
2015-10,314.31612903225806,5.750399259802322,-0.2376139826113208,151.2,0.1087758736202769,-1.233955515096127,-1.7350104617296964,-0.2792532393461366,-0.8660254037844386,0.5000000000000001,-0.4106553082885273,2015-10,0.18283045986967494,-0.2376139826113208,-1.0177192538367024,0.01395233348308
2016-02,30.475862068965515,3.4169349627101653,-0.4477849318664137,69.60000000000001,0.5317828087431599,0.0468804879502879,,,0.8660254037844386,0.5000000000000001,-0.4897376129710085,2016-02,0.16857484984016846,-0.4477849318664137,-0.9177004140682524,-0.1470608513697504
2016-03,40.3,3.696351468952637,-0.0852047553981707,95.4,1.064049893949938,0.9478599348193372,,,1.0,6.123233995736766e-17,-0.4477849318664137,2016-03,-0.5681079641870068,-0.0852047553981707,-0.4897376129710085,-0.9177004140682524
2016-04,50.336666666666666,3.918733771119588,-0.3391648849751192,44.0,-0.5245544110956235,0.3203992123307828,,,0.8660254037844387,-0.4999999999999998,-0.0852047553981707,2016-04,-0.9361559923604759,-0.3391648849751192,-0.4477849318664137,-0.4897376129710085
2016-09,592.6866666666666,6.384665872618141,0.5038569760411304,149.20000000000002,0.0674772462295268,0.0071187221515721,,,-1.0,-1.8369701987210294e-16,0.0300187175772457,2016-09,-0.7371833518394704,0.5038569760411304,-0.2254804044605594,-0.3391648849751192
2016-10,776.3870967741935,6.654651231855096,0.6666379894414538,235.7,0.9839402899214836,0.5484929064794029,,,-0.8660254037844386,0.5000000000000001,0.5038569760411304,2016-10,0.4126583798624929,0.6666379894414538,0.0300187175772457,-0.2254804044605594
2016-11,702.3,6.5543606631649745,0.8639078144448629,255.2,1.365740008898269,1.2133837376675891,,,-0.5000000000000004,0.8660254037844384,0.6666379894414538,2016-11,0.3084650886204069,0.8639078144448629,0.5038569760411304,0.0300187175772457
2017-03,52.60645161290322,3.962838766459952,0.1812825421091441,54.599999999999994,0.2607616180247501,-0.5930987607266983,,,1.0,6.123233995736766e-17,0.1902277484926848,2017-03,-0.4525165599414258,0.1812825421091441,0.5815099194815563,1.171849102844325
2018-03,125.91612903225808,4.835616042711956,1.0540598183611478,69.8,0.5951793612118911,0.1991061377954667,,,1.0,6.123233995736766e-17,0.5080677633146804,2018-03,-0.27784771347222037,1.0540598183611478,0.5687980696353367,0.26633285611919
2018-04,104.05666666666666,4.644935622547507,0.3870369664527997,45.8,-0.4772810196000209,-0.0618739727535613,,,0.8660254037844387,-0.4999999999999998,1.0540598183611478,2018-04,-0.30946553474826444,0.3870369664527997,0.5080677633146804,0.5687980696353367
2018-06,54.169999999999995,3.992127249669807,-0.3888450779943531,37.8,-0.2723263587014625,-0.959662824252823,-0.6496610408030764,,1.2246467991473532e-16,-1.0,0.3870369664527997,2018-06,-0.38543981580744974,-0.3888450779943531,1.0540598183611478,0.5080677633146804
2018-07,41.038709677419355,3.7145157597595575,-0.848896378147193,34.1,-0.9571356077475004,-1.2040079708637008,-0.9324190656831044,,-0.4999999999999998,-0.8660254037844388,-0.3888450779943531,2018-07,-0.9989007843961668,-0.848896378147193,0.3870369664527997,1.0540598183611478
2018-09,294.5,5.685279003091641,-0.1955298934853697,94.2,-0.6879188365603335,-0.9841580768705712,-1.6144363562738453,,-1.0,-1.8369701987210294e-16,-0.848896378147193,2018-09,0.6394542828256,-0.1955298934853697,-0.3888450779943531,0.3870369664527997
2018-10,305.03225806451616,5.720417535160733,-0.2675957072529096,137.4,-0.0633255457451921,-0.6416362580070999,-1.341706592117225,,-0.8660254037844386,0.5000000000000001,-0.1955298934853697,2018-10,-0.32704184564398747,-0.2675957072529096,-0.848896378147193,-0.3888450779943531
2018-11,324.43333333333334,5.782080070764338,0.0916272220442264,182.0,0.7383735498705583,-0.1401703531579294,-0.5802426971640557,,-0.5000000000000004,0.8660254037844384,-0.2675957072529096,2018-11,-0.09322421890733541,0.0916272220442264,-0.1955298934853697,-0.848896378147193
2018-12,85.23870967741935,4.445455669591434,-0.2738046323534666,13.5,-1.2532886740020088,-0.0217296308793193,-0.7722054907500117,-1.0712726258728105,-2.4492935982947064e-16,1.0,0.0916272220442264,2018-12,-0.1281216173274756,-0.2738046323534666,-0.2675957072529096,-0.1955298934853697
2019-01,60.038709677419355,4.094989515485347,-0.0338441524000359,103.6,1.1929761336179474,0.6147992778034189,-0.2350847863664035,-0.8263144753816467,0.4999999999999999,0.8660254037844387,-0.2738046323534666,2019-01,-0.3474483095199184,-0.0338441524000359,0.0916272220442264,-0.2675957072529096
2019-02,51.857142857142854,3.9484926852095374,0.0837727906329584,69.89999999999999,0.5361989947942125,0.3294908264203031,-0.0137063988752584,-0.7783693062199376,0.8660254037844386,0.5000000000000001,-0.0338441524000359,2019-02,0.03762773262164815,0.0837727906329584,-0.2738046323534666,0.0916272220442264
2019-03,50.86451612903225,3.929165551353364,0.1476093270025562,73.8,0.6750543527698011,0.9398896509289636,0.4772211877932739,-0.7110337263987943,1.0,6.123233995736766e-17,0.0837727906329584,2019-03,-0.6464567290071883,0.1476093270025562,-0.0338441524000359,-0.2738046323534666
2019-04,49.28,3.897518319225264,-0.3603803368694431,50.8,-0.3524439273275367,0.1816652560784617,0.445748346706332,-0.7199127837606949,0.8660254037844387,-0.4999999999999998,0.1476093270025562,2019-04,-0.133943575022195,-0.3603803368694431,0.0837727906329584,-0.0338441524000359
2019-10,660.9032258064516,6.493607423394215,0.5055941809805722,254.7,1.151159336279878,-0.3394465455132754,,,-0.8660254037844386,0.5000000000000001,-0.4336630044385261,2019-10,-0.20535166010085174,0.5055941809805722,-0.359616705825788,-0.3603803368694431
2019-11,327.56666666666666,5.791691596700272,0.1012387479801599,78.2,-0.5464410224810446,-0.0459087119505628,,,-0.5000000000000004,0.8660254037844384,0.5055941809805722,2019-11,-0.26684287765885056,0.1012387479801599,-0.4336630044385261,-0.359616705825788
2019-12,107.52903225806452,4.677760878622929,-0.0414994233219712,59.9,0.2138674051415172,0.4660461523860226,-0.6421530029429167,,-2.4492935982947064e-16,1.0,0.1012387479801599,2019-12,-0.19253266706410915,-0.0414994233219712,0.5055941809805722,-0.4336630044385261
2020-01,107.35483870967742,4.676139597455953,0.5473059295705704,103.1,1.1862550826526543,0.1139794389385287,-0.3287907785819958,,0.4999999999999999,0.8660254037844387,-0.0414994233219712,2020-01,0.2997294686155828,0.5473059295705704,0.1012387479801599,0.5055941809805722
2020-02,76.49655172413793,4.337245664315094,0.4725257697385148,62.39999999999999,0.4217903177640952,0.6549258555513459,0.2649071197794021,,0.8660254037844386,0.5000000000000001,0.5473059295705704,2020-02,-0.7802676378475699,0.4725257697385148,-0.0414994233219712,0.1012387479801599
2020-10,429.4516129032258,6.062509075946771,0.0744958335331285,90.7,-0.7522170375838713,-0.8108952433055856,,,-0.8660254037844386,0.5000000000000001,-0.0354304136808885,2020-10,0.005670548761907784,0.0744958335331285,0.9042478004171964,0.2815544006832757
2020-11,145.61,4.980931814722814,-0.7095210339972979,183.8,0.7555881927434572,0.1039462752249589,,,-0.5000000000000004,0.8660254037844384,0.0744958335331285,2020-11,-0.14151913907776267,-0.7095210339972979,-0.0354304136808885,0.9042478004171964
2020-12,63.50645161290323,4.151141500940895,-0.5681188010040055,37.7,-0.3117804622211095,-0.203879985632403,,,-2.4492935982947064e-16,1.0,-0.7095210339972979,2020-12,-0.1341892326227405,-0.5681188010040055,0.0744958335331285,-0.0354304136808885
2021-01,37.10645161290322,3.6137908524168183,-0.5150428154685645,27.1,-0.2972174948982959,0.1821498102365512,-0.6704901779200785,,0.4999999999999999,0.8660254037844387,-0.5681188010040055,2021-01,-0.1578201047842166,-0.5150428154685645,-0.7095210339972979,0.0744958335331285
2021-03,37.0258064516129,3.611615141189116,-0.1699410831616918,46.2,0.0484556210663343,-0.8002570176103252,-0.6027816050776144,,1.0,6.123233995736766e-17,-0.5150428154685645,2021-03,0.00781114753140888,-0.1699410831616918,-0.5681188010040055,-0.7095210339972979
2021-04,29.533333333333335,3.3855195689429256,-0.8723790871517818,134.2,1.045734804786358,0.176760317908789,0.1393094474357175,,0.8660254037844387,-0.4999999999999998,-0.1699410831616918,2021-04,0.08275423951420735,-0.8723790871517818,-0.5150428154685645,-0.5681188010040055
2021-05,48.274193548387096,3.8768971228076072,-0.8924669150808784,63.8,-0.2891862495644702,0.1973383112506359,-0.4340180574707126,,0.4999999999999999,-0.8660254037844387,-0.8723790871517818,2021-05,-1.3613512530321137,-0.8924669150808784,-0.1699410831616918,-0.5150428154685645
2021-06,224.07,5.411958503037085,1.0309861753729246,75.6,0.426175009284838,0.3111317447461684,-0.2115168731282532,,1.2246467991473532e-16,-1.0,-0.8924669150808784,2021-06,0.43726879114987194,1.0309861753729246,-0.8723790871517818,-0.1699410831616918
2021-07,219.8709677419355,5.393040864024005,0.8296287261172548,31.8,-1.033202796058068,-0.6254595480443537,-0.4160414591803734,-0.8524088678624271,-0.4999999999999998,-0.8660254037844388,1.0309861753729246,2021-07,1.052160859448139,0.8296287261172548,-0.8924669150808784,-0.8723790871517818
2021-09,353.3666666666667,5.867506233610943,-0.0133026629660681,142.3,-0.015521874925588,-0.8058501891605365,-0.5227681449694561,-0.8252011752822405,-1.0,-1.8369701987210294e-16,0.8296287261172548,2021-09,-0.8540560992884819,-0.0133026629660681,1.0309861753729246,-0.8924669150808784
2021-10,304.19354838709677,5.717664171142357,-0.2703490712712852,91.5,-0.7385483135634278,-0.8250921363568198,-1.1676730034134004,-0.7277040523398517,-0.8660254037844386,0.5000000000000001,-0.0133026629660681,2021-10,-0.039066680319671,-0.2703490712712852,0.8296287261172548,1.0309861753729246
2021-11,194.13333333333333,5.268545208214366,-0.4219076405057453,80.0,-0.5161709307652126,-0.9002624709625731,-1.0696876630183394,-1.1992386094068224,-0.5000000000000004,0.8660254037844384,-0.2703490712712852,2021-11,-0.09991408091129818,-0.4219076405057453,-0.0133026629660681,0.8296287261172548
