,discharge_cfs_mean,log_q,log_q_anomaly,precip_mm_sum,spi_1,spi_3,spi_6,spi_12,month_sin,month_cos,log_q_anomaly_lag1
2004-12,230.5483870967742,5.4404607627348325,0.3062608903655608,129.8,0.019875848103968762,,,,-2.4492935982947064e-16,1.0,
2005-01,786.9032258064516,6.668105274918037,1.8526144884850124,229.5,1.7483807004998295,,,,0.49999999999999994,0.8660254037844387,0.3062608903655608
2005-02,145.8,4.982235819574558,0.4917771465299783,27.099999999999998,-1.6233068053766946,0.46166599575244194,,,0.8660254037844386,0.5000000000000001,1.8526144884850124
2005-03,49.038709677419355,3.8926099796467937,-0.3990094220784708,1.0,-2.933211168011334,-0.4061793985426904,,,1.0,6.123233995736766e-17,0.4917771465299783
2005-04,261.80333333333334,5.5675935857604175,0.8688834522837592,236.2,1.4609481205522703,-0.5750165556883469,,,0.8660254037844387,-0.49999999999999983,-0.3990094220784708
2005-05,418.43548387096774,6.036522717641693,0.9770090508714908,223.0,0.5108870298567976,0.4748912658316977,0.6453861158188605,,0.49999999999999994,-0.8660254037844387,0.8688834522837592
2005-06,149.48333333333332,5.007184903895903,0.5283705902628268,76.60000000000001,-0.28537687415693314,0.6893734342783037,0.44904537631642766,,1.2246467991473532e-16,-1.0,0.9770090508714908
2005-07,958.3258064516128,6.865187810395049,2.2933142050614626,286.3,1.11458318790265,0.6023306493579577,0.2956901282428262,,-0.4999999999999998,-0.8660254037844388,0.5283705902628268
2005-08,351.6774193548387,5.86271433313908,0.8938818505376309,169.1,-0.2490661413771094,0.4411683381464406,0.519294393984589,,-0.8660254037844384,-0.5000000000000004,2.2933142050614626
2005-09,453.3,6.116554157946804,0.7137861980251667,139.8,-0.48780334830202704,0.4260211346090736,0.7875321882958911,,-1.0,-1.8369701987210297e-16,0.8938818505376309
2005-10,1879.1935483870968,7.5385980001688955,2.027518848580665,251.1,1.1665136359045056,0.40407478927661233,0.8429920476847614,,-0.8660254037844386,0.5000000000000001,0.7137861980251667
2005-11,432.96666666666664,6.070660742745129,0.4000988549637814,148.3,-0.42566102764041114,0.2747030638932778,0.4182925650167893,0.667626009918898,-0.5000000000000004,0.8660254037844384,2.027518848580665
2005-12,195.83870967741936,5.2772914106452875,0.14309153827601584,84.7,-0.7976842388874666,-0.05218503495183656,0.2890028489405923,0.56179636919787,-2.4492935982947064e-16,1.0,0.4000988549637814
2006-01,288.48387096774195,5.6646391778610345,0.8491483914280096,121.0,0.32439384334779886,-0.749414304021017,-0.2769778218791928,0.220272879084384,0.49999999999999994,0.8660254037844387,0.14309153827601584
2006-02,104.46785714285714,4.648879436940543,0.15842076389596382,48.6,-0.8979464518350473,-0.8195022875312086,-0.532628615738941,0.24719852002618603,0.8660254037844386,0.5000000000000001,0.8491483914280096
2006-03,174.9225806451613,5.16434347972403,0.8727240779987655,46.599999999999994,-0.5149391329353398,-0.8607350251522065,-1.1224469169384834,0.31333659819089416,1.0,6.123233995736766e-17,0.15842076389596382
2006-04,326.62666666666667,5.788817826519428,1.0901076930427696,285.9,1.8881703841042101,0.7169878860976949,-0.2598014038925218,0.5756839209773557,0.8660254037844387,-0.49999999999999983,0.8727240779987655
2006-05,188.57419354838711,5.239491529174204,0.1799778624040016,139.2,-0.20474151333203097,0.5565186179124809,0.0013683379327185542,0.19199499176046106,0.49999999999999994,-0.8660254037844387,1.0901076930427696
2006-06,135.69333333333333,4.910397437655621,0.43158312402254495,138.1,0.491867264349624,0.8060591911174183,0.3775523612335434,0.37505294933918143,1.2246467991473532e-16,-1.0,0.1799778624040016
2006-07,443.64516129032256,6.095025056629561,1.5231514512959743,302.0,1.228257235431425,0.5776179924137056,0.7113460417342227,0.47784228537565054,-0.4999999999999998,-0.8660254037844388,0.43158312402254495
2006-08,178.23548387096776,5.183105619069224,0.21427313646777435,198.1,0.1290071539125928,0.974437584660293,0.8963554419352069,,-0.8660254037844384,-0.5000000000000004,1.5231514512959743
2006-09,169.89,5.135151168793823,-0.2676167911278142,114.60000000000001,-0.9867860039923639,0.5625005289205766,0.9449630465649106,,-1.0,-1.8369701987210297e-16,0.21427313646777435
2006-10,134.8548387096774,4.9041989311049665,-0.606880220483264,177.5,0.29802204857773584,-0.4730739652076742,0.5339095540363926,,-0.8660254037844386,0.5000000000000001,-0.2676167911278142
2006-11,199.29333333333335,5.2947777762495045,-0.37578411153184277,122.1,-0.833061142970725,-1.252490723451408,0.3019234071620272,0.20507375409094142,-0.5000000000000004,0.8660254037844384,-0.606880220483264
2006-12,117.64516129032258,4.767672986323534,-0.3665268860457376,158.9,0.44871041296583053,-0.2552180776245938,0.2523286762102739,0.48931696470402897,-2.4492935982947064e-16,1.0,-0.37578411153184277
2007-01,70.60967741935484,4.2571672090339625,-0.5583235773990625,97.6,-0.08731020097751,-0.5050065110565423,-0.6299876194910624,0.483534195875808,0.49999999999999994,0.8660254037844387,-0.3665268860457376
2007-02,48.44285714285714,3.8803849000762796,-0.6100737729682999,49.5,-0.8731850641683875,-0.27431583482337635,-1.2148471841963726,0.4501265244376869,0.8660254037844386,0.5000000000000001,-0.5583235773990625
2007-03,54.093548387096774,3.9907149252679175,-0.30090447645734697,74.4,-0.044269281117826416,-0.7993909644391625,-1.3248860473812694,0.4136057382104605,1.0,6.123233995736766e-17,-0.6100737729682999
2007-04,123.90666666666667,4.819528594021029,0.12081846054437051,266.9,1.7307873402020537,0.8116938671826527,0.028720032562024576,0.40252644551286293,0.8660254037844387,-0.49999999999999983,-0.30090447645734697
2007-05,111.23870967741935,4.711678429850624,-0.34783523691957896,137.1,-0.22605175644755926,0.6034720063002078,0.32143553814910314,0.3508522646480366,0.49999999999999994,-0.8660254037844387,0.12081846054437051
2007-06,91.58,4.5172129072289495,0.03839859359587372,105.8,0.12199973260503655,0.574986016344083,0.12522566435107702,0.16016271361740056,1.2246467991473532e-16,-1.0,-0.34783523691957896
2007-07,63.270967741935486,4.147426578473074,-0.4244470268605127,103.0,-0.7056574412425856,-0.4536233031691366,-0.17170586034403545,-0.5363582643097549,-0.4999999999999998,-0.8660254037844388,0.03839859359587372
2007-08,74.95161290322581,4.316842744039887,-0.6519897385615625,138.20000000000002,-0.7038524303710035,-0.6901227772960106,-0.06954438849295441,,-0.8660254037844384,-0.5000000000000004,-0.4244470268605127
2007-09,82.48,4.412555839708705,-0.9902121202129326,231.2,0.9296448410263684,-0.5103701792158477,0.2576261608643571,,-1.0,-1.8369701987210297e-16,-0.6519897385615625
2007-10,718.9129032258064,6.57774021439713,1.0666610628088993,169.6,0.19150141579631097,0.1482427378986897,-0.2787929682451845,,-0.8660254037844386,0.5000000000000001,-0.9902121202129326
2007-11,203.37333333333333,5.315043370463623,-0.35551851731772466,157.6,-0.29296564320999813,0.4875150856723339,-0.6596760118918271,-0.10158433970374177,-0.5000000000000004,0.8660254037844384,1.0666610628088993
2007-12,1140.383870967742,7.039120213627155,1.904920341257883,227.6,1.2879802876996367,0.47367503298073604,-0.028802944868610913,0.14287086419420306,-2.4492935982947064e-16,1.0,-0.35551851731772466
2008-01,125.29354838709678,4.830659371247565,0.015168584814539976,154.8,0.8345897271383966,0.8807292374763506,0.9207100508449527,0.42937428787065074,0.49999999999999994,0.8660254037844387,1.904920341257883
2008-02,40.34827586206896,3.697548664238438,-0.7929100088061416,132.7,0.6882626607829762,1.452849716159445,1.7415520831257665,0.758216165555006,0.8660254037844386,0.5000000000000001,0.015168584814539976
2008-03,24.712903225806453,3.207325505037629,-1.0842938966876354,60.5,-0.26050440652732115,0.437156943975782,0.7092838931265635,0.5147844684900036,1.0,6.123233995736766e-17,-0.7929100088061416
2008-04,68.18666666666667,4.222249042314822,-0.47646109116183677,,,,,,0.8660254037844387,-0.49999999999999983,-1.0842938966876354
2008-05,44.53225806451613,3.796213826885063,-1.2632998398851396,168.3,0.07027718444309165,,,,0.49999999999999994,-0.8660254037844387,-0.47646109116183677
2008-06,45.62,3.820346216856242,-0.6584680967768337,107.4,0.1419781792812276,,,,1.2246467991473532e-16,-1.0,-1.2632998398851396
2008-07,50.567741935483866,3.92331386184033,-0.6485597434932568,138.5,-0.23939540684386537,-0.11290618447348992,,,-0.4999999999999998,-0.8660254037844388,-0.6584680967768337
2008-08,57.59032258064516,4.05335454283377,-0.9154779397676798,181.9,-0.07721582668372999,-0.15570028448264436,,,-0.8660254037844384,-0.5000000000000004,-0.6485597434932568
2008-09,837.0300000000001,6.7298599121410625,1.3270919522194253,233.29999999999998,0.957402036899399,0.1253742720844262,,,-1.0,-1.8369701987210297e-16,-0.9154779397676798
2008-10,330.916129032258,5.8018649566597595,0.29078580507152907,148.4,-0.11177789247662202,0.4472886204897637,0.14299848970474116,,-0.8660254037844386,0.5000000000000001,1.3270919522194253
2008-11,308.21,5.730781368822976,0.060219481041628775,112.6,-0.9957048881818665,-0.24345675720538346,-0.5453942251202258,,-0.5000000000000004,0.8660254037844384,0.29078580507152907
2008-12,141.5483870967742,4.9526416169099745,-0.18155825545929716,180.5,0.7344239059557668,-0.3942879544277753,-0.22936482974223382,,-2.4492935982947064e-16,1.0,0.060219481041628775
2009-01,194.01612903225808,5.267941294948981,0.45245050851595625,152.6,0.8037388569017471,0.11136779536630137,0.4307556856145435,,0.49999999999999994,0.8660254037844387,-0.18155825545929716
2009-02,76.125,4.332376726030061,-0.1580819470145185,133.6,0.7008163224397504,1.1014070740042832,0.8814376342088387,,0.8660254037844386,0.5000000000000001,0.45245050851595625
2009-03,481.92903225806447,6.1777968672312005,1.886177465505936,88.6,0.14960326724710302,0.6585656335437751,-0.03559526427962594,,1.0,6.123233995736766e-17,-0.1580819470145185
2009-04,127.07,4.844738115716443,0.14602798223978475,82.1,-0.4453092019354113,-0.09597870981067286,-0.1333851667150093,-0.06745733350212371,0.8660254037844387,-0.49999999999999983,1.886177465505936
2009-05,746.8516129032258,6.615866521361958,1.556352854591755,221.29999999999998,0.4983440493225945,-0.03934471468749775,0.7065626817588327,0.12552351216870675,0.49999999999999994,-0.8660254037844387,0.14602798223978475
2009-06,129.43666666666667,4.863191701021446,0.38437738738837,247.5,1.4323973114153383,0.754147087800247,1.0868667971175978,0.6165934212123619,1.2246467991473532e-16,-1.0,1.556352854591755
2009-07,284.50967741935483,5.650767268521631,1.078893663188044,109.1,-0.6183668940343319,0.5723522039759382,0.4198841777017073,0.5389662516127934,-0.4999999999999998,-0.8660254037844388,0.38437738738837
2009-08,110.08709677419354,4.701271841349292,-0.2675606412521576,,,,,,-0.8660254037844384,-0.5000000000000004,1.078893663188044
2009-09,172.75666666666666,5.15188405331656,-0.2508839066050772,223.7,0.8291486816192776,,,,-1.0,-1.8369701987210297e-16,-0.2675606412521576
2009-10,87.2290322580645,4.468537214242403,-1.0425419373458276,,,,,,-0.8660254037844386,0.5000000000000001,-0.2508839066050772
2009-11,165.11,5.1066119184437415,-0.5639499693376058,285.0,1.1500356564069143,,,,-0.5000000000000004,0.8660254037844384,-1.0425419373458276
2009-12,261.60967741935485,5.566853612092065,0.4326537397227934,67.89999999999999,-1.1806070358684,,,,-2.4492935982947064e-16,1.0,-0.5639499693376058
2010-01,435.2870967741935,6.076005805973713,1.260515019540688,282.5,2.286839923566236,1.5738365110504615,,,0.49999999999999994,0.8660254037844387,0.4326537397227934
2010-02,109.25357142857142,4.6936715238630855,0.20321285081850604,72.89999999999999,-0.31788845107178554,0.7655043809909343,,,0.8660254037844386,0.5000000000000001,1.260515019540688
2010-03,116.1774193548387,4.755118499844271,0.4634990981190068,113.69999999999999,0.4463028321953451,1.3640176021839114,,,1.0,6.123233995736766e-17,0.20321285081850604
2010-04,210.72333333333333,5.350546056649911,0.6518359231732527,107.4,-0.02281830401813262,-0.21507085505770168,1.272193657668231,,0.8660254037844387,-0.49999999999999983,0.4634990981190068
2010-05,988.8129032258065,6.896505135997134,1.8369914692269314,278.3,0.888812892811785,0.7478945633149386,1.0210565965817853,,0.49999999999999994,-0.8660254037844387,0.6518359231732527
2010-06,884.4866666666666,6.785007439056221,2.306193125423145,,,,,,1.2246467991473532e-16,-1.0,1.8369914692269314
2010-07,627.741935483871,6.44212915125485,1.870255545921263,113.5,-0.5574904090722276,,,,-0.4999999999999998,-0.8660254037844388,2.306193125423145
2010-08,552.4516129032259,6.314365851100991,1.3455333684995416,,,,,,-0.8660254037844384,-0.5000000000000004,1.870255545921263
2010-09,513.5333333333333,6.241314941250756,0.8385469813291184,,,,,,-1.0,-1.8369701987210297e-16,1.3455333684995416
2010-10,1306.525806451613,7.175126837120443,1.6640476855322124,,,,,,-0.8660254037844386,0.5000000000000001,0.8385469813291184
2010-11,492.0,6.198478716492308,0.5279168287109606,,,,,,-0.5000000000000004,0.8660254037844384,1.6640476855322124
2010-12,340.4193548387097,5.830178254185944,0.6959783818166727,248.79999999999998,1.5131206158880477,,,,-2.4492935982947064e-16,1.0,0.5279168287109606
2011-01,111.78387096774195,4.716567283477598,-0.09892350295542673,50.3,-1.1942372933280971,,,,0.49999999999999994,0.8660254037844387,0.6959783818166727
2011-02,85.64999999999999,4.450269224770129,-0.04018944827445026,64.8,-0.49381213631081766,0.26688545481892884,,,0.8660254037844386,0.5000000000000001,-0.09892350295542673
2011-03,68.0,4.219507705176107,-0.0721116965491575,107.6,0.3785703714957502,-0.7856419809207796,,,1.0,6.123233995736766e-17,-0.04018944827445026
2011-04,81.87333333333332,4.405173337514128,-0.29353679596253013,113.4,0.06720359687254598,-0.31190169334938955,,,0.8660254037844387,-0.49999999999999983,-0.0721116965491575
2011-05,976.2806451612903,6.8837500913514,1.8242364245811977,344.4,1.2815591277605023,1.1774322374892658,1.0526653579228096,,0.49999999999999994,-0.8660254037844387,-0.29353679596253013
2011-06,681.0333333333333,6.523611252577656,2.0447969389445806,227.9,1.2870067668045146,1.287025944905381,1.0070178754529615,,1.2246467991473532e-16,-1.0,1.8242364245811977
2011-07,479.4516129032258,6.172642977663749,1.600769372330162,327.8,1.4071518492529167,1.6155477228490152,1.4732303929099055,,-0.4999999999999998,-0.8660254037844388,2.0447969389445806
2011-08,2490.064516129032,7.820063899215073,2.851231416613624,388.6,1.9889818265928332,2.2457035190643824,2.010515756770133,,-0.8660254037844384,-0.5000000000000004,1.600769372330162
2011-09,1617.6,7.388698848266207,1.98593088834457,157.3,-0.17642210538678924,2.154109728614363,2.095420063734314,,-1.0,-1.8369701987210297e-16,2.851231416613624
2011-10,286.06451612903226,5.656217366251056,0.1451382146628255,141.1,-0.2229296999561416,1.8299701329489393,2.4064731483077777,,-0.8660254037844386,0.5000000000000001,1.98593088834457
2011-11,419.3,6.038586654176717,0.3680247663953695,146.8,-0.4475896325686666,-0.847555498103259,2.2116709787575712,1.8854574380907185,-0.5000000000000004,0.8660254037844384,0.1451382146628255
2011-12,443.38709677419354,6.0944431961142,0.9602433237449279,160.6,0.47209042179095734,-0.33659485246967724,1.6499793616301621,1.7743653320400807,-2.4492935982947064e-16,1.0,0.3680247663953695
2012-01,182.58064516129033,5.207191966712083,0.39170118027905776,117.0,0.25803834087560457,-0.07711393293367022,1.1413579633167354,2.2180339972400227,0.49999999999999994,0.8660254037844387,0.9602433237449279
2012-02,135.70344827586206,4.91047197754127,0.42001330449669094,82.4,-0.1278896664060339,0.23231755698620712,-0.4277086838190343,2.479902120745557,0.8660254037844386,0.5000000000000001,0.39170118027905776
2012-03,540.1580645161291,6.291861808793406,2.000242407068142,307.0,1.9259203494382877,1.6175876702426846,1.1353309604873532,2.635267322243263,1.0,6.123233995736766e-17,0.42001330449669094
2012-04,333.3666666666667,5.809242985314361,1.1105328518377027,64.2,-0.8024494929455425,1.3904622022984205,0.8893257065783623,2.7513844157430376,0.8660254037844387,-0.49999999999999983,2.000242407068142
2012-05,775.2838709677419,6.653229247406996,1.5937155806367933,249.79999999999998,0.7008433853582635,1.5146395291261954,1.295335746301904,2.3002209031472787,0.49999999999999994,-0.8660254037844387,1.1105328518377027
2012-06,81.09333333333333,4.395600754700999,-0.08321355893207638,35.5,-1.1107813843619037,-0.2332811654126,0.7584297659843001,1.5638919367569364,1.2246467991473532e-16,-1.0,1.5937155806367933
2012-07,82.12258064516129,4.408213016951188,-0.16366058838239894,104.5,-0.6838650801933546,-0.2299087654008732,0.2689011738625947,0.7620993309889633,-0.4999999999999998,-0.8660254037844388,-0.08321355893207638
2012-08,326.55806451612904,5.788607772158035,0.8197752895565857,141.1,-0.6583782098831977,-1.193368585512255,0.2101969605822032,,-0.8660254037844384,-0.5000000000000004,-0.16366058838239894
2012-09,58.20333333333333,4.063942626865926,-1.338825333055711,99.1,-1.3326217821022688,-1.6797426086761886,-0.9451159084598088,,-1.0,-1.8369701987210297e-16,0.8197752895565857
2012-10,500.7354838709677,6.216077985350843,0.7049988337626125,222.5,0.851799809267217,-0.8416608772110807,-0.43286568508285295,,-0.8660254037844386,0.5000000000000001,-1.338825333055711
2012-11,225.38333333333333,5.417802656251259,-0.2527592315300886,219.0,0.4724664394921866,0.2903891067255591,-1.2549565089826622,0.2873950922169646,-0.5000000000000004,0.8660254037844384,0.7049988337626125
2012-12,103.8258064516129,4.642714556899248,-0.4914853154700234,105.0,-0.4000341808714448,0.4143358485760467,-0.9126997419089482,0.10006911457056315,-2.4492935982947064e-16,1.0,-0.2527592315300886
2013-01,51.4483870967742,3.940579112843562,-0.8749116735894629,86.5,-0.306222974866553,-0.2035508690804436,-0.595089961681387,0.023363422665143296,0.49999999999999994,0.8660254037844387,-0.4914853154700234
2013-02,42.32142857142857,3.7452935433940278,-0.7451651296505517,38.1,-1.2144163885120156,-1.1070554887723012,-0.7447070524904866,-0.28681702908923323,0.8660254037844386,0.5000000000000001,-0.8749116735894629
2013-03,64.33225806451613,4.164061186074029,-0.12755821565123515,55.7,-0.34320201581707077,-1.3063131677634425,-0.8640606323301072,-1.3743737542243049,1.0,6.123233995736766e-17,-0.7451651296505517
2013-04,49.916666666666664,3.910354948327449,-0.7883551851492094,88.89999999999999,-0.32387364328092694,-1.7328896137258747,-1.5603934889031053,-1.3595847714580973,0.8660254037844387,-0.49999999999999983,-0.12755821565123515
2013-05,391.66129032258067,5.970397410979971,0.9108837442097686,489.2,1.999828486048085,1.589484518308699,0.7301723512917537,-0.2707390243261137,0.49999999999999994,-0.8660254037844387,-0.7883551851492094
2013-06,343.3333333333333,5.838701792555572,1.359887478922496,339.9,2.035799673735279,2.066119996241972,1.8350306082095342,0.8770532985441906,1.2246467991473532e-16,-1.0,0.9108837442097686
2013-07,586.4193548387096,6.374035156232916,1.8021615508993287,324.4,1.3841003929755527,2.277490033923172,1.9301046545210627,1.614336784441029,-0.4999999999999998,-0.8660254037844388,1.359887478922496
2013-08,297.741935483871,5.696227123011751,0.727394640410302,,,,,,-0.8660254037844384,-0.5000000000000004,1.8021615508993287
2013-09,397.59000000000003,5.985421323560697,0.5826533636390598,,,,,,-1.0,-1.8369701987210297e-16,0.727394640410302
2013-10,176.82580645161292,5.175165103644654,-0.33591404794357604,261.1,1.2710659873196468,,,,-0.8660254037844386,0.5000000000000001,0.5826533636390598
2013-11,319.1333333333333,5.765608988290299,0.09504710050895149,239.89999999999998,0.6999445640085712,,,,-0.5000000000000004,0.8660254037844384,-0.33591404794357604
2013-12,619.5483870967741,6.428990804712772,1.2947909323435,341.2,2.3739278240080477,2.2461881358726012,,,-2.4492935982947064e-16,1.0,0.09504710050895149
2014-01,115.19354838709677,4.746613743109302,-0.06887704332372291,70.1,-0.6680051338496066,1.6819592674185457,,,0.49999999999999994,0.8660254037844387,1.2947909323435
2014-02,85.575,4.449393184416249,-0.04106548862833037,145.0,0.8552774501889482,1.7355725849967814,,,0.8660254037844386,0.5000000000000001,-0.06887704332372291
2014-03,49.39032258064516,3.899754505825903,-0.39186489589936135,17.799999999999997,-1.3108857508007195,-0.6707763122467065,2.063042878656241,,1.0,6.123233995736766e-17,-0.04106548862833037
2014-04,47.056666666666665,3.8513525492279985,-0.8473575842486598,92.5,-0.262152692060742,-0.6894672091905883,1.1033832629326754,,0.8660254037844387,-0.49999999999999983,-0.39186489589936135
2014-05,73.24838709677418,4.293856228498085,-0.7656574382721173,160.0,-0.004641329953895526,-1.1324234323562297,0.5429909313510972,,0.49999999999999994,-0.8660254037844387,-0.8473575842486598
2014-06,51.20333333333333,3.9358046340929445,-0.5430096795401314,24.700000000000003,-1.444285702040689,-0.6825274153396556,-1.2064698010170938,,1.2246467991473532e-16,-1.0,-0.7656574382721173
2014-07,67.0516129032258,4.205462664669175,-0.36641094066441227,78.5,-1.0982036248672526,-0.9349634860191489,-1.2295216348694697,,-0.4999999999999998,-0.8660254037844388,-0.5430096795401314
2014-08,234.20322580645163,5.456189224794002,0.48735674219255287,261.0,0.8375250968729305,-0.5697766549321874,-0.8515635222956401,,-0.8660254037844384,-0.5000000000000004,-0.36641094066441227
2014-09,179.67333333333332,5.191140387303878,-0.21162757261775944,257.6,1.2674033720794617,0.4394480156573438,-0.16099780738474082,,-1.0,-1.8369701987210297e-16,0.48735674219255287
2014-10,112.16129032258064,4.719937927522715,-0.7911412240655151,45.300000000000004,-2.324226603212258,0.45088149671424793,-0.5564320813687417,,-0.8660254037844386,0.5000000000000001,-0.21162757261775944
2014-11,509.46,6.233351341239327,0.56278945345798,372.0,1.9029629937323442,1.6850852821350375,0.21876158704250978,0.49744336622255236,-0.5000000000000004,0.8660254037844384,-0.7911412240655151
2014-12,114.94516129032257,4.744455156285131,-0.38974471608414074,56.5,-1.480631111502658,-0.13298789335932854,0.23846473017391334,-0.5458837730413326,-2.4492935982947064e-16,1.0,0.56278945345798
2015-01,67.66129032258064,4.214514233856215,-0.6009765525768103,91.5,-0.20538734519943436,0.725447791653273,0.9543574967290198,-0.4643979567018816,0.49999999999999994,0.8660254037844387,-0.38974471608414074
2015-02,63.410714285714285,4.1496328422079385,-0.340825830836641,110.3,0.3559953212495544,-0.7747613245469037,0.6587618011020294,-0.8013186294627008,0.8660254037844386,0.5000000000000001,-0.6009765525768103
2015-03,47.94516129032258,3.870057884669703,-0.42156151705556155,65.3,-0.18227215204177666,-0.30900370491475815,-0.7291615139889963,-0.5396729020516723,1.0,6.123233995736766e-17,-0.340825830836641
2015-04,38.68333333333333,3.6554088440523365,-1.0433012894243219,59.7,-0.9030591884170184,-0.9540090920047684,-0.08882338071298142,-0.7140961956778917,0.8660254037844387,-0.49999999999999983,-0.42156151705556155
2015-05,43.729032258064514,3.77801223524775,-1.2815014315224524,102.2,-0.6188128709378798,-1.6011527907801655,-1.5389921057787679,-0.9706328550594195,0.49999999999999994,-0.8660254037844387,-1.0433012894243219
2015-06,48.34666666666667,3.878397277778486,-0.6004170358545897,25.8,-1.4058045311186977,-1.3699932938307477,-1.5996186589133183,-1.0194070210061132,1.2246467991473532e-16,-1.0,-1.2815014315224524
2015-07,49.29032258064516,3.8977277652413194,-0.6741458400922675,29.799999999999997,-2.2832974607754353,-1.7384051195496593,-1.9858704248517385,-1.061646937336778,-0.4999999999999998,-0.8660254037844388,-0.6004170358545897
2015-08,35.97741935483871,3.582891501515345,-1.3859409810861045,142.89999999999998,-0.6304747604779881,-1.9579384471060663,-1.9218381486862595,,-0.8660254037844384,-0.5000000000000004,-0.6741458400922675
2015-09,30.413333333333334,3.4148811087480775,-1.9878868511735597,181.0,0.21011374375904776,-1.588384706020589,-1.7286231780705081,,-1.0,-1.8369701987210297e-16,-1.3859409810861045
2015-10,93.88709677419355,4.542092962226644,-0.9689861893615861,62.599999999999994,-1.793996244315677,-1.9473071517645248,-2.149420529481325,,-0.8660254037844386,0.5000000000000001,-1.9878868511735597
2015-11,268.13666666666666,5.591496800779172,-0.07906508700217518,,,,,,-0.5000000000000004,0.8660254037844384,-0.9689861893615861
2015-12,61.61612903225806,4.120923671205943,-1.013276201163329,94.4,-0.600320687561491,,,,-2.4492935982947064e-16,1.0,-0.07906508700217518
2016-01,43.81612903225806,3.7800019923432986,-1.0354887940897264,52.4,-1.1321288204624982,,,,0.49999999999999994,0.8660254037844387,-1.013276201163329
2016-02,31.417241379310347,3.4473568307333387,-1.0431018423112408,59.0,-0.6293821343921566,-1.405104357930095,,,0.8660254037844386,0.5000000000000001,-1.0354887940897264
2016-03,36.858064516129026,3.607074441805216,-0.6845449599200486,66.0,-0.17120081379290378,-1.3449150192342885,,,1.0,6.123233995736766e-17,-1.0431018423112408
2016-04,45.330000000000005,3.813969064952758,-0.8847410685239003,153.6,0.6007547420053788,-0.39847839421763087,,,0.8660254037844387,-0.49999999999999983,-0.6845449599200486
2016-05,55.309677419354834,4.012947891759509,-1.0465657750106931,157.9,-0.02401112800587141,-0.1562493590955199,-0.8610182930048933,,0.49999999999999994,-0.8660254037844387,-0.8847410685239003
2016-06,25.05666666666667,3.2211399265212677,-1.2576743871118081,170.5,0.8092264215312842,0.44835996355420726,-0.2734806486078309,,1.2246467991473532e-16,-1.0,-1.0465657750106931
2016-07,52.777419354838706,3.9660834355038848,-0.6057901698297021,172.1,0.13150119692477208,0.2670978783943507,0.00818108224268843,,-0.4999999999999998,-0.8660254037844388,-1.2576743871118081
2016-08,218.32258064516128,5.385973696800913,0.4171412141994635,252.4,0.7478204569722334,0.7651046895098371,0.4533501550215876,,-0.8660254037844384,-0.5000000000000004,-0.6057901698297021
2016-09,70.1,4.249922794040544,-1.152845165881093,80.8,-1.7937308737271804,-0.24488166028701908,0.27663709660305646,,-1.0,-1.8369701987210297e-16,0.4171412141994635
2016-10,494.55806451612904,6.203664564829014,0.6925854132407832,123.1,-0.5147544033624827,-0.9295469187201593,0.05007618544593695,,-0.8660254037844386,0.5000000000000001,-1.152845165881093
2016-11,906.6,6.809701338506749,1.139139450725402,334.2,1.5913374629825892,0.26235931467352813,0.7921364975496146,-0.008413623838431477,-0.5000000000000004,0.8660254037844384,0.6925854132407832
2016-12,301.19354838709677,5.70775307599878,0.5735532036295083,167.7,0.5680132099080429,0.9535880077915665,0.5903685006060798,0.25907577399034915,-2.4492935982947064e-16,1.0,1.139139450725402
2017-01,196.1032258064516,5.2786411828704285,0.4631503964374035,21.4,-2.3459571734124167,0.7513363230139135,0.21515443092603528,0.1977029295301633,0.49999999999999994,0.8660254037844387,0.5735532036295083
2017-02,35.99285714285715,3.583320506071294,-0.9071381669732856,34.8,-1.3268225267286777,-1.176412968103445,-0.8203697523093929,0.008979306399824319,0.8660254037844386,0.5000000000000001,0.4631503964374035
2017-03,304.55806451612904,5.7188617570373985,1.427242355312134,108.2,0.3853437000151207,-1.5236035957866214,-0.27791053540334476,0.10444608517621745,1.0,6.123233995736766e-17,-0.9071381669732856
2017-04,789.8766666666667,6.6718768151299015,1.9731666816532432,103.8,-0.07847075220663671,-0.8001059310247189,0.034517937999834054,-0.07134569599422695,0.8660254037844387,-0.49999999999999983,1.427242355312134
2017-05,237.8774193548387,5.471755496262811,0.4122418294926087,208.1,0.3987224663114713,0.17922374362598273,-0.47852136751628865,0.11047058597908704,0.49999999999999994,-0.8660254037844387,1.9731666816532432
2017-06,56.72,4.038126882223872,-0.44068743140920397,185.7,0.9446719150956423,0.5199903008478503,-0.25856802237983967,0.11120212025499449,1.2246467991473532e-16,-1.0,0.4122418294926087
2017-07,160.59677419354838,5.078896715342993,0.5070231100094063,241.0,0.7622773442823432,0.7799907126793695,0.41758321662949244,0.43040551744864636,-0.4999999999999998,-0.8660254037844388,-0.44068743140920397
2017-08,306.72258064516126,5.725943692945955,0.7571112103445055,,,,,,-0.8660254037844384,-0.5000000000000004,0.5070231100094063
2017-09,5384.4,8.591261162769937,3.1884932028483,,,,,,-1.0,-1.8369701987210297e-16,0.7571112103445055
2017-10,1997.3225806451612,7.599562852992339,2.088483701404108,,,,,,-0.8660254037844386,0.5000000000000001,3.1884932028483
2017-11,690.8666666666667,6.537946848082007,0.8673849603006598,187.2,0.0970338590002122,,,,-0.5000000000000004,0.8660254037844384,2.088483701404108
2017-12,207.96451612903223,5.337367469614746,0.20316759724547406,,,,,,-2.4492935982947064e-16,1.0,0.8673849603006598
2018-01,246.95483870967743,5.509205480678772,0.693714694245747,114.9,0.2225968526135666,,,,0.49999999999999994,0.8660254037844387,0.20316759724547406
2018-02,261.6607142857143,5.567048680902876,1.0765900078582966,210.20000000000002,1.6155904348660381,,,,0.8660254037844386,0.5000000000000001,0.693714694245747
2018-03,141.89354838709676,4.955077117220458,0.663457715495194,37.6,-0.7102936956994865,0.5599377249807829,,,1.0,6.123233995736766e-17,1.0765900078582966
2018-04,89.18666666666667,4.490731551582098,-0.20797858189456075,185.2,0.9585392006422762,1.2067113406602137,,,0.8660254037844387,-0.49999999999999983,0.663457715495194
2018-05,166.85806451612905,5.117143537958788,0.057629871188585646,316.6,1.122816815014109,1.0123392240905715,,,0.49999999999999994,-0.8660254037844387,-0.20797858189456075
2018-06,155.20333333333335,5.044736085181707,0.5659217715486315,88.3,-0.11119857025999351,0.9170742246129328,1.2100123156570337,,1.2246467991473532e-16,-1.0,0.057629871188585646
2018-07,159.7935483870968,5.073882659470208,0.5020090541366207,106.89999999999999,-0.6494469744671455,0.31352374315235987,0.6544861245273775,,-0.4999999999999998,-0.8660254037844388,0.5659217715486315
2018-08,88.04516129032258,4.4778498793188675,-0.4909826032825819,226.2,0.4615375417223513,-0.19540148286065442,0.4137666915028231,,-0.8660254037844384,-0.5000000000000004,0.5020090541366207
2018-09,129.82666666666668,4.866200227442446,-0.5365677324791909,178.9,0.1772804897557653,-0.19225044376894349,0.688378819715303,,-1.0,-1.8369701987210297e-16,-0.4909826032825819
2018-10,232.88709677419354,5.450553772926128,-0.060525378662102725,217.29999999999998,0.7918005657246405,1.1286241844109997,0.7965574242784889,,-0.8660254037844386,0.5000000000000001,-0.5365677324791909
2018-11,504.41,6.223389429429531,0.5528275416481838,186.4,0.08705982587266163,0.7489494359987952,-0.004168434992788722,,-0.5000000000000004,0.8660254037844384,-0.060525378662102725
2018-12,59.751612903225805,4.090196184643531,-1.0440036877257404,60.9,-1.36011727960654,-0.20616247993549722,-0.3479306159600708,0.7635166404751808,-2.4492935982947064e-16,1.0,0.5528275416481838
2019-01,69.95483870967742,4.247849872552935,-0.5676409138800897,51.199999999999996,-1.1673974544076344,-1.3467809025809672,-0.2241254675784782,0.628651774899941,0.49999999999999994,0.8660254037844387,-1.0440036877257404
2019-02,54.00714285714286,3.9891163129489655,-0.501342360095614,58.4,-0.6439288644878658,-1.8951004861211287,-0.903114583415573,-0.08818922506755826,0.8660254037844386,0.5000000000000001,-0.5676409138800897
2019-03,54.196774193548386,3.9926213899502105,-0.2989980117750539,121.6,0.5305448587842105,-0.6896781605755516,-1.1669766167168067,0.1860543658606193,1.0,6.123233995736766e-17,-0.501342360095614
2019-04,30.096666666666668,3.404414423651278,-1.2942957098253802,12.3,-2.674691096407795,-1.5800876699832904,-2.6377467678875828,-0.5206551572043085,0.8660254037844387,-0.49999999999999983,-0.2989980117750539
2019-05,42.20967741935484,3.7426495174850545,-1.316864149285148,61.1,-1.2300480353207857,-1.9938386774355301,-2.5152549727314533,-1.695963495196727,0.49999999999999994,-0.8660254037844387,-1.2942957098253802
2019-06,42.88333333333333,3.7584832500596437,-0.7203310635734321,106.8,0.13450988323779475,-1.4374578821981294,-1.9320644195645043,-1.6563069515467095,1.2246467991473532e-16,-1.0,-1.316864149285148
2019-07,95.36129032258064,4.557672734292826,-0.014200871040761065,113.5,-0.5574904090722276,-0.8208597990869618,-1.4833501977936971,-1.4149537894874924,-0.4999999999999998,-0.8660254037844388,-0.7203310635734321
2019-08,54.5,3.9982007016691985,-0.9706317809322509,80.5,-1.792172022040726,-1.0350753489061926,-1.5282398813902556,,-0.8660254037844384,-0.5000000000000004,-0.014200871040761065
2019-09,228.88,5.433197848741854,0.030429888820217244,247.20000000000002,1.1371541276889996,-0.7739353434291552,-1.3017261405286682,,-1.0,-1.8369701987210297e-16,-0.9706317809322509
2019-10,235.9516129032258,5.463626753932995,-0.04745239765523568,126.1,-0.46418519133624814,-0.9641034019867624,-1.0262521875414556,,-0.8660254037844386,0.5000000000000001,0.030429888820217244
2019-11,46.72666666666667,3.844315022404069,-1.826246865377278,135.9,-0.6117263355181393,-0.06814672540571354,-1.3413927695948265,-2.138345079228256,-0.5000000000000004,0.8660254037844384,-0.04745239765523568
2019-12,59.487096774193546,4.085759428095927,-1.0484404442733446,75.0,-1.0114673006708659,-1.3407241628686442,-1.7193270781340058,-2.2743493072573826,-2.4492935982947064e-16,1.0,-1.826246865377278
2020-01,270.1,5.59879226079857,0.7833014743655449,169.8,1.0377263193986135,-0.484646102377386,-0.9061942777410019,-1.839427904913037,0.49999999999999994,0.8660254037844387,-1.0484404442733446
2020-02,139.02068965517242,4.934622768494249,0.4441640954496693,121.9,0.5330830659143059,0.29155200278121074,0.18552743833129143,-1.8314275271194578,0.8660254037844386,0.5000000000000001,0.7833014743655449
2020-03,626.5419354838709,6.440215708223488,2.1485963064982236,190.9,1.1506187359284072,1.4572392988771976,-0.006237999067511223,-1.2849756417140301,1.0,6.123233995736766e-17,0.4441640954496693
2020-04,221.9,5.402226829938548,0.7035166964618895,125.8,0.24358746037171208,1.2572149292120098,0.43353600690356325,-0.8426912729035847,0.8660254037844387,-0.49999999999999983,2.1485963064982236
2020-05,41.41612903225807,3.723670395111892,-1.3358432716583106,16.7,-2.458527648819968,-0.531519461898076,-0.14609099309517223,-1.0362641894896134,0.49999999999999994,-0.8660254037844387,0.7035166964618895
2020-06,60.57666666666667,4.10390978042506,-0.3749045332080154,67.5,-0.43407067572178115,-1.180117765520095,-0.08593967651028858,-1.2684685492146217,1.2246467991473532e-16,-1.0,-1.3358432716583106
2020-07,482.9258064516129,6.179863032022345,1.607989426688758,282.4,1.0857303035217003,-0.34586139793851434,0.1156775283789884,-0.4013512067791947,-0.4999999999999998,-0.8660254037844388,-0.3749045332080154
2020-08,238.30967741935484,5.47357099351661,0.5047385109151605,238.2,0.5952219480262969,0.7307588593423812,0.27842290345946125,,-0.8660254037844384,-0.5000000000000004,1.607989426688758
2020-09,78.31666666666666,4.360760436880715,-1.0420075230409225,154.1,-0.2315454366931149,0.9653247042011529,-0.11919314074675336,,-1.0,-1.8369701987210297e-16,0.5047385109151605
2020-10,424.70000000000005,6.0513830373192254,0.540303885730995,198.2,0.5630015284836398,0.7645427563083702,0.05141317257914795,,-0.8660254037844386,0.5000000000000001,-1.0420075230409225
2020-11,695.7766666666666,6.5450287276149695,0.8744668398336222,211.8,0.39079976478724443,0.5497574991229707,0.9047559400972173,0.45316503313715023,-0.5000000000000004,0.8660254037844384,0.540303885730995
2020-12,122.24193548387096,4.806002158766938,-0.32819771360233396,145.7,0.2612870816604457,0.48007402711975433,1.1566848158247627,0.7409454787402958,-2.4492935982947064e-16,1.0,0.8744668398336222
2021-01,49.564516129032256,3.903275177085393,-0.9122156093476321,93.19999999999999,-0.1719578011228679,0.15473750436466435,0.6576873611430313,0.5521552015699674,0.49999999999999994,0.8660254037844387,-0.32819771360233396
2021-02,38.83571428571429,3.6593402945366162,-0.8311183785079632,64.0,-0.5119961421266432,-0.3051650546871495,0.11019291275240319,0.26009425234271283,0.8660254037844386,0.5000000000000001,-0.9122156093476321
2021-03,29.5258064516129,3.3852646759055873,-0.9063547258196771,231.0,1.4450019002170782,0.7653803112550018,1.0466803589783586,0.30310494468130994,1.0,6.123233995736766e-17,-0.8311183785079632
2021-04,42.63,3.752558230777119,-0.9461519026995395,68.4,-0.7129399857917507,0.5400037882251113,0.3921291503650592,0.11846648810751552,0.8660254037844387,-0.49999999999999983,-0.9063547258196771
2021-05,84.8967741935484,4.441436097230894,-0.6180775695393086,59.0,-1.2685276422007936,-0.3149391493089,-0.37399847723715807,0.2576623167267246,0.49999999999999994,-0.8660254037844387,-0.9461519026995395
2021-06,165.45333333333335,5.108689181238309,0.629874867605233,186.4,0.9507350481001025,-0.44622835044533876,-0.03393825439944547,0.6606810995713714,1.2246467991473532e-16,-1.0,-0.6180775695393086
2021-07,78.18387096774194,4.3590633726686265,-0.21281023266496035,153.6,-0.0659507811749583,-0.18522597314533243,-0.06186844642825222,0.22075302175311756,-0.4999999999999998,-0.8660254037844388,0.629874867605233
2021-08,58.0516129032258,4.061332492481871,-0.9074999901195788,65.9,-2.1540689227049286,-0.29326646399727685,-0.30512615747700195,,-0.8660254037844384,-0.5000000000000004,-0.21281023266496035
2021-09,139.2,4.935911747900319,-0.4668562120213178,256.4,1.2525501380383055,-0.48154584925987454,-0.5141678895171558,,-1.0,-1.8369701987210297e-16,-0.9074999901195788
2021-10,411.7935483870968,6.020522127611072,0.5094429760228412,110.7,-0.7332319411722888,-1.2567305101437332,-0.5323971632126788,,-0.8660254037844386,0.5000000000000001,-0.4668562120213178
2021-11,60.50333333333333,4.102698459937777,-1.5678634278435704,67.4,-1.9406875776000045,-0.9851010404155501,-1.1185231880721802,-0.7902522296076627,-0.5000000000000004,0.8660254037844384,0.5094429760228412
2021-12,73.33225806451614,4.295000594820155,-0.8391992775491168,112.9,-0.2595910065373034,-1.8223945144744966,-1.8042787025196563,-1.0080473828795615,-2.4492935982947064e-16,1.0,-1.5678634278435704
2022-01,43.18064516129032,3.7653923661813957,-1.0500984202516292,104.1,0.03314830280411792,-1.5105557823954596,-1.911451413519543,-1.0147383384443651,0.49999999999999994,0.8660254037844387,-0.8391992775491168
2022-02,540.5642857142857,6.292613567498501,1.8021548944539214,312.3,2.5514390327569694,1.551882756240035,0.9036282364751262,-0.02112613935151226,0.8660254037844386,0.5000000000000001,-1.0500984202516292
2022-03,86.79354838709678,4.463532291566296,0.1719128898410318,77.8,0.004305624968640272,1.5360109103893809,-0.31624023130043877,-0.7070832557484416,1.0,6.123233995736766e-17,1.8021548944539214
2022-04,54.56333333333334,3.9993621064881535,-0.6993480269885048,88.5,-0.33083658992217113,1.6063413444861308,-0.02445326201521289,-0.6565206281647697,0.8660254037844387,-0.49999999999999983,0.1719128898410318
2022-05,59.54838709677419,4.086789210577651,-0.9727244561925517,133.4,-0.26414936638914477,-0.8416824205435829,0.5553641055533081,-0.3371734227926058,0.49999999999999994,-0.8660254037844387,-0.6993480269885048
2022-06,43.03666666666666,3.7620524655185172,-0.7167618481145586,62.599999999999994,-0.520022015695971,-0.6337527896004637,0.3739554610784317,-0.9306242665669244,1.2246467991473532e-16,-1.0,-0.9727244561925517
2022-07,72.19677419354838,4.279395366140937,-0.2924782391926497,228.7,0.6592986935177857,-0.0639889729335173,0.5001519361966428,-0.476119176242708,-0.4999999999999998,-0.8660254037844388,-0.7167618481145586
2022-08,120.29354838709678,4.789934992175086,-0.1788974904263636,,,,,,-0.8660254037844384,-0.5000000000000004,-0.2924782391926497
2022-09,3240.1366666666668,8.083370788966738,2.6806028290451005,,,,,,-1.0,-1.8369701987210297e-16,-0.1788974904263636
2022-10,423.39677419354837,6.048309739856315,0.5372305882680841,,,,,,-0.8660254037844386,0.5000000000000001,2.6806028290451005
2022-11,1075.5666666666666,6.980602933459555,1.310041045678208,,,,,,-0.5000000000000004,0.8660254037844384,0.5372305882680841
2022-12,88.19032258064516,4.479497235685044,-0.6547026366842275,63.6,-1.2892200669423286,,,,-2.4492935982947064e-16,1.0,1.310041045678208
2023-01,250.041935483871,5.521628645730625,0.7061378592976002,114.3,0.21239162854108912,,,,0.49999999999999994,0.8660254037844387,-0.6547026366842275
2023-02,70.13571428571429,4.250432140559986,-0.2400265324845936,58.6,-0.639068398063781,-1.0246681049085569,,,0.8660254037844386,0.5000000000000001,0.7061378592976002
2023-03,36.79032258064516,3.6052348372392964,-0.6863845644859681,20.599999999999998,-1.2021379449490046,-1.1358781001549203,,,1.0,6.123233995736766e-17,-0.2400265324845936
2023-04,576.9699999999999,6.357790272088822,1.6590801386121639,133.20000000000002,0.34337885983644323,-1.2765554871070541,,,0.8660254037844387,-0.49999999999999983,-0.6863845644859681
2023-05,70.63333333333334,4.257502176606144,-0.8020114901640589,97.6,-0.6772818605659892,-1.3310496871781314,-1.5212797491261614,,0.49999999999999994,-0.8660254037844387,1.6590801386121639
2023-06,20.163333333333334,3.003865773450713,-1.4749485401823628,46.800000000000004,-0.834628138151258,-0.6798320097393837,-1.480457429272366,,1.2246467991473532e-16,-1.0,-0.8020114901640589
2023-07,56.25806451612903,4.029949399983779,-0.5419242053498081,117.9,-0.49822879734253056,-0.9407474935429755,-1.4775061447284472,,-0.4999999999999998,-0.8660254037844388,-1.4749485401823628
2023-08,320.84838709677416,5.7709686972141965,0.8021362146127471,202.3,0.1806197429442123,-0.5505549476699996,-0.9245102344682977,,-0.8660254037844384,-0.5000000000000004,-0.5419242053498081
2023-09,148.88,5.003140612333995,-0.39962734758764196,79.6,-1.8264556700555847,-1.1439953104089953,-1.0250444170278166,,-1.0,-1.8369701987210297e-16,0.8021362146127471
2023-10,404.53225806451616,6.002731481315176,0.4916523297269455,266.5,1.3264576268346575,0.26356259437531765,-0.6375821545938128,,-0.8660254037844386,0.5000000000000001,-0.39962734758764196
2023-11,106.02307692307691,4.663656777238856,-1.0069051105424913,142.79999999999998,-0.5068232399121679,-0.3078645079546183,-1.00698678481972,-1.4148378796367735,-0.5000000000000004,0.8660254037844384,0.4916523297269455
2023-12,129.39354838709676,4.8628585229188825,-0.2713413494503891,135.7,0.11164725605375107,0.403548381203213,-0.5541969108597008,-1.2348795724709354,-2.4492935982947064e-16,1.0,-1.0069051105424913
2024-01,41.23225806451613,3.719220912731035,-1.0962698737019898,76.1,-0.5294830206857049,-0.7433182742329867,-0.3617902323314854,-1.4970551869231903,0.49999999999999994,0.8660254037844387,-0.2713413494503891
2024-02,281.2413793103448,5.639213301707872,1.1487546286632924,141.7,0.8114005175486553,0.17414695642486844,-0.10075336281934912,-1.3515810930991736,0.8660254037844386,0.5000000000000001,-1.0962698737019898
2024-03,235.29032258064515,5.4608201668834795,1.169200765158215,76.89999999999999,-0.008408699044315886,-0.03928936251860084,0.17089390927237497,-0.9523013135054907,1.0,6.123233995736766e-17,1.1487546286632924
2024-04,1001.7933333333333,6.909547006213146,2.210836872736488,,,,,,0.8660254037844387,-0.49999999999999983,1.169200765158215
2024-05,1317.2806451612903,7.183324773317768,2.1238111065475653,,,,,,0.49999999999999994,-0.8660254037844387,2.210836872736488
2024-06,367.50333333333333,5.906732388906541,1.4279180752734648,92.0,-0.05943547293032873,,,,1.2246467991473532e-16,-1.0,2.1238111065475653
2024-07,214.92580645161289,5.3702928823001255,0.7984192769665386,222.79999999999998,0.6086170163779047,,,,-0.4999999999999998,-0.8660254037844388,1.4279180752734648
2024-08,1183.9129032258065,7.076580251273484,2.1077477686720343,252.39999999999998,0.7478204569722334,0.6250864662453118,,,-0.8660254037844384,-0.5000000000000004,0.7984192769665386
2024-09,432.3333333333333,6.069196895648334,0.6664289357266968,198.6,0.4758308283839648,0.9594599444775743,,,-1.0,-1.8369701987210297e-16,2.1077477686720343
2024-10,259.4258064516129,5.558470752098297,0.047391600510066745,193.3,0.5019904125268777,1.371516542672849,,,-0.8660254037844386,0.5000000000000001,0.6664289357266968
2024-11,616.1655172413792,6.423515624261415,0.7529537364800678,275.0,1.054459975736606,1.6073992935133352,1.3741981324426527,,-0.5000000000000004,0.8660254037844384,0.047391600510066745
2024-12,163.05806451612904,5.09410636139938,-0.04009351096989189,184.4,0.7835880552315027,1.1332068860952307,1.6725281203776947,,-2.4492935982947064e-16,1.0,0.7529537364800678
2025-01,157.44516129032257,5.059077215352496,0.24358642891947113,134.9,0.5442894216711496,1.2841698544842222,1.9688991696198457,,0.49999999999999994,0.8660254037844387,-0.04009351096989189
2025-02,133.44642857142858,4.893700113195141,0.40324144015056174,101.0,0.20488952263749183,0.7414682206617423,1.8421840089443384,,0.8660254037844386,0.5000000000000001,0.24358642891947113
2025-03,297.76774193548385,5.696313793145277,1.404694391420013,115.89999999999999,0.47014032496931984,0.46921913288360106,1.5269305478696886,,1.0,6.123233995736766e-17,0.40324144015056174
2025-04,506.96,6.228432105015261,1.5297219715386028,96.7,-0.1921861087219488,0.00925262335381721,1.113783480850208,,0.8660254037844387,-0.49999999999999983,1.404694391420013
2025-05,950.1709677419354,6.856641934446783,1.7971282676765803,262.7,0.7875571538842836,0.5818015060158624,0.889693679293896,1.4607562196122137,0.49999999999999994,-0.8660254037844387,1.5297219715386028
2025-06,80.9,4.393213824064446,-0.08560048956862953,80.8,-0.22086873307612967,0.24855093742561632,0.44193384260611435,1.3512215297774381,1.2246467991473532e-16,-1.0,1.7971282676765803
2025-07,61.4741935483871,4.118617469649184,-0.4532561356844029,291.4,1.151936623331596,0.7803447143655976,0.6680276285134689,1.542352544307993,-0.4999999999999998,-0.8660254037844388,-0.08560048956862953
2025-08,211.8741935483871,5.355992671866171,0.38716018926472184,239.5,0.6094362814044701,0.8471671299356591,0.8251246732861329,,-0.8660254037844384,-0.5000000000000004,-0.4532561356844029
2025-09,111.85333333333332,4.717188489309984,-0.6855794706116534,145.9,-0.3764164878572465,0.9789892396249809,0.7397099716771146,,-1.0,-1.8369701987210297e-16,0.38716018926472184
2025-10,96.1741935483871,4.566161063351184,-0.9449180882370465,110.7,-0.7332319411722888,-0.39581662483654834,0.7838025462421441,,-0.8660254037844386,0.5000000000000001,-0.6855794706116534
2025-11,50.61,3.9241491852259864,-1.7464127025553609,91.0,-1.4049612434713454,-2.198071234559458,-0.2957329501389819,0.46177291511527774,-0.5000000000000004,0.8660254037844384,-0.9449180882370465
2025-12,66.03870967741936,4.190241080360433,-0.9439587920088384,113.1,-0.25612354623893174,-1.5670767241354866,-0.25219652682596977,0.2364628395732547,-2.4492935982947064e-16,1.0,-1.7464127025553609
2026-01,37.57096774193548,3.62623161762346,-1.1892591688095648,77.2,-0.5049135356636928,-1.5473121340206222,-1.3835166086529318,0.062118588737363506,0.49999999999999994,0.8660254037844387,-0.9439587920088384
2026-02,259.8071428571428,5.559939597535009,1.0694809244904295,144.8,0.852636745630223,0.0055160737439292114,-1.5821513429229541,0.17324929787184426,0.8660254037844386,0.5000000000000001,-1.1892591688095648
2026-03,164.3290322580645,5.101870712160246,0.8102513104349818,195.3,1.1847090456052254,0.9893059329429169,-0.8131488915638836,0.38054014141244685,1.0,6.123233995736766e-17,1.0694809244904295
2026-04,166.34333333333333,5.114053925516741,0.4153437920400824,80.10000000000001,-0.4823403044690125,1.0896571878474306,-0.5513107754989426,0.37597354640426767,0.8660254037844387,-0.49999999999999983,0.8102513104349818
2026-05,58.829032258064515,4.07463547893764,-0.9848781878325621,63.599999999999994,-1.1854815786210515,-0.482073969167041,-0.2978426903116237,-0.49110319114747153,0.49999999999999994,-0.8660254037844387,0.4153437920400824
2026-06,32.07,3.4679210137050633,-1.0108932999280125,13.399999999999999,-1.945172342061911,-1.6588069618752483,-0.7845517472608777,-0.8404074926669668,1.2246467991473532e-16,-1.0,-0.9848781878325621
2026-07,27.141379310344828,3.3010594751619307,-1.2708141301716562,56.699999999999996,-1.5301215771479026,-1.9752624243294032,-1.039489974648038,-1.6961247228074297,-0.4999999999999998,-0.8660254037844388,-1.0108932999280125
2026-08,29.13157894736842,3.371822772982251,-1.5970097096191984,,,,,,-0.8660254037844384,-0.5000000000000004,-1.2708141301716562
