ym,discharge_cfs_mean,log_q,log_q_anomaly,precip_mm_sum,n_days_reported,spi_1,spi_3,spi_6,spi_12,month_sin,month_cos,log_q_anomaly_lag1,log_chl_anomaly,log_q_anomaly_lag0,log_q_anomaly_lag2,log_q_anomaly_lag3,sst_anomaly,wind_speed_anomaly
2003-04,520.75,6.255270080141082,1.7097942996998228,271.0,30.0,1.4390654383477377,0.7146727061667634,-0.3848613679994705,-1.159980989629816,0.8660254037844387,-0.4999999999999998,-0.753086644361403,0.1706861337141916,1.7097942996998228,-0.2717024846805786,-0.3256151617845892,0.14306944444444625,-0.22174644
2003-05,161.79677419354837,5.086341067426564,0.0299886593486009,56.099999999999994,31.0,-1.286462925895547,-0.0773223728752434,-0.6427021367893556,-1.5733979338605213,0.4999999999999999,-0.8660254037844387,1.7097942996998228,-0.3727317487320334,0.0299886593486009,-0.753086644361403,-0.2717024846805786,0.042782258064512746,0.9687624
2003-06,155.0366666666667,5.04366164808333,-0.0041057374340685,49.9,30.0,-0.7028414629832461,-0.1513703509483638,-0.3789420793658301,-1.5194596515187886,1.2246467991473532e-16,-1.0,0.0299886593486009,0.51620795454332,-0.0041057374340685,1.7097942996998228,-0.753086644361403,-0.7737744252873568,1.2446218
2003-08,199.4322580645161,5.295474620092998,-0.0663753524765553,368.5,31.0,1.5765998339925928,0.405948470823873,0.1506946803580078,-0.9261902387154024,-0.8660254037844384,-0.5000000000000004,-0.0041057374340685,0.1940230462181127,-0.0663753524765553,0.0299886593486009,1.7097942996998228,-0.5707573632538576,-0.17293501
2003-09,145.59,4.9807944520852345,-0.516193600939487,139.1,30.0,-0.4395057315051598,0.3716975144031796,0.0357402284098995,-1.1939116775298606,-1.0,-1.8369701987210294e-16,-0.0663753524765553,-0.0400669366666812,-0.516193600939487,-0.0041057374340685,0.0299886593486009,-0.405213893053471,-1.8834274
2003-10,273.5774193548387,5.611584650744664,0.051097997441472,225.6,31.0,0.4285834996504798,0.6658584731441561,-0.3334509298749039,-0.677406323350213,-0.8660254037844386,0.5000000000000001,-0.516193600939487,-0.3930373767378063,0.051097997441472,-0.0663753524765553,-0.0041057374340685,8.508648901539573e-05,-0.84244084
2003-11,1223.2333333333331,7.109252905170084,1.5639913308605262,463.2999999999999,30.0,1.9545616612422672,1.201453701237994,0.9087673302433588,0.5066826253719534,-0.5000000000000004,0.8660254037844384,0.051097997441472,0.7537994342575286,1.5639913308605262,-0.516193600939487,-0.0663753524765553,-0.32410144927536066,-0.5875926
2003-12,584.1612903225806,6.370177126756196,1.1943782221631285,161.2,31.0,0.4001433374359347,1.4822460607646726,1.2290342105744738,0.6389194082398859,-2.4492935982947064e-16,1.0,1.5639913308605262,0.2071745452674883,1.1943782221631285,0.051097997441472,-0.516193600939487,-0.5141556802244054,-0.36013126
2004-01,190.51612903225808,5.249736857818722,0.4025785909060912,134.5,31.0,0.5693402391879188,1.583237945566466,1.440792245214305,0.6829525964681057,0.4999999999999999,0.8660254037844387,1.1943782221631285,0.3086617685612488,0.4025785909060912,1.5639913308605262,0.051097997441472,-0.625631720430107,-0.5634179
2004-02,127.03448275862068,4.844458567388723,0.2290898171039606,55.9,29.0,-0.2740030994960613,0.1526770337999772,1.0903797700450109,0.8100388431222444,0.8660254037844386,0.5000000000000001,0.4025785909060912,0.0013596250958702,0.2290898171039606,1.1943782221631285,1.5639913308605262,-0.44665258392629426,0.58377504
2004-03,148.17419354838708,4.998388565097168,0.5754737633343066,111.0,31.0,0.4194772154983534,0.2335543251554385,1.4886122568983042,0.8395012597059558,1.0,6.123233995736766e-17,0.2290898171039606,0.2089022185838924,0.5754737633343066,0.4025785909060912,1.1943782221631285,-0.548509856630826,2.151772
2004-07,220.2258064516129,5.394653412933134,0.2499995172366098,51.5,27.0,-1.3850215752335249,0.7574635326839635,,,-0.4999999999999998,-0.8660254037844388,0.4780838806461407,-0.218988981888982,0.2499995172366098,1.6845901060946362,-0.0918651895970814,-0.3547966339410955,-0.06181526
2004-08,126.08387096774192,4.83694732811083,-0.5249026444587228,53.6,31.0,-2.158733381010489,-2.6462112177021377,,,-0.8660254037844384,-0.5000000000000004,0.2499995172366098,-0.5714929483598801,-0.5249026444587228,0.4780838806461407,1.6845901060946362,-0.2659186535764384,-0.0048718452
2004-09,817.6466666666668,6.706430295446145,1.2094422424214235,326.9,30.0,1.0640765750214964,-0.6633709962849513,,,-1.0,-1.8369701987210294e-16,-0.5249026444587228,0.3691761699668983,1.2094422424214235,0.2499995172366098,0.4780838806461407,-0.8968805597201381,-0.5137687
2004-10,175.61290322580646,5.1682821592862105,-0.3922044940169815,115.4,31.0,-0.7152943018245553,-0.5289615911620829,0.1213643604613853,,-0.8660254037844386,0.5000000000000001,1.2094422424214235,0.5204502776397066,-0.3922044940169815,-0.5249026444587228,0.2499995172366098,-0.48539878447872553,-1.3037868
2004-11,281.3,5.6394217154958115,0.0941601411862533,142.5,30.0,-0.184946440382435,0.1012821568795897,-1.2235388408308014,,-0.5000000000000004,0.8660254037844384,-0.3922044940169815,0.5995250025229789,0.0941601411862533,1.2094422424214235,-0.5249026444587228,-1.0414347826086932,1.6872087
2004-12,114.66451612903224,4.742010613840745,-0.4337882907523225,71.9,31.0,-0.8522967620646797,-0.9282948968851972,-1.217346807738117,,-2.4492935982947064e-16,1.0,0.0941601411862533,0.1695305483728738,-0.4337882907523225,-0.3922044940169815,1.2094422424214235,-0.9977040673211768,1.0527167
2005-01,185.71612903225807,5.224219319903369,0.3770610529907383,241.6,31.0,1.8818702927573132,0.2271837445257394,-0.3141792996586208,,0.4999999999999999,0.8660254037844387,-0.4337882907523225,0.5680430487538214,0.3770610529907383,0.0941601411862533,-0.3922044940169815,-1.1885349462365582,1.7240486
2005-02,69.2357142857143,4.237516831883304,-0.3778519184014586,17.6,26.0,-1.435714652249521,-0.0335035611453532,0.0873216484972089,,0.8660254037844386,0.5000000000000001,0.3770610529907383,0.5368259920160213,-0.3778519184014586,-0.4337882907523225,0.0941601411862533,-1.2481181011676696,-1.1954374
2005-03,46.0516129032258,3.829762787130859,-0.5931520146320031,3.0,31.0,-2.0814330641248495,-0.1217966671533787,-0.9877649997912537,,1.0,6.123233995736766e-17,-0.3778519184014586,-0.39499336135283,-0.5931520146320031,0.3770610529907383,-0.4337882907523225,-0.44915501792114654,-2.016393
2005-04,71.21333333333334,4.26568006680346,-0.2797957136377986,363.7,28.0,2.041931667106856,0.6645951673963715,0.4798292057066225,0.379756620294443,0.8660254037844387,-0.4999999999999998,-0.5931520146320031,-0.2690063799901698,-0.2797957136377986,-0.3778519184014586,0.3770610529907383,0.36040277777777874,-1.674969
2005-05,271.11290322580646,5.602535351188303,0.54618294311034,192.8,31.0,0.2869993358712739,1.0150002936759608,0.6697064692506065,-0.6037394038481776,0.4999999999999999,-0.8660254037844387,-0.2797957136377986,0.6534875373234506,0.54618294311034,-0.5931520146320031,-0.3778519184014586,0.1966532258064504,-2.1898763
2005-07,507.258064516129,6.229019877083495,1.0843659813869708,253.5,31.0,0.9994870444716444,0.7956051869843206,0.9297051008852834,0.3619215908977113,-0.4999999999999998,-0.8660254037844388,0.54618294311034,-0.1955052655163895,1.0843659813869708,-0.2797957136377986,-0.5931520146320031,0.30488078541374364,-1.0714598
2005-08,346.7096774193548,5.848487765250235,0.4866377926806819,176.9,31.0,-0.1196170744476151,0.6918295524941956,0.9671501667301088,0.6381509351162195,-0.8660254037844384,-0.5000000000000004,1.0843659813869708,0.4528873036439438,0.4866377926806819,0.54618294311034,-0.2797957136377986,0.5263394109396913,-1.5966387
2005-09,125.64,4.833420674670446,-0.6635673783542755,149.70000000000002,30.0,-0.3261925253073345,0.1219259091210535,0.936378973812834,0.1264163711737591,-1.0,-1.8369701987210294e-16,0.4866377926806819,-0.4463112107804785,-0.6635673783542755,1.0843659813869708,0.54618294311034,0.6677861069465258,-1.5561922
2005-10,1005.8709677419356,6.9136090797513505,1.3531224264481585,406.6,31.0,1.672486290902208,0.6658584731441569,0.835761532325042,0.8949900977254659,-0.8660254037844386,0.5000000000000001,-0.6635673783542755,0.4237860800334269,1.3531224264481585,0.4866377926806819,1.0843659813869708,0.07911734455353425,0.5167675
2005-11,425.8333333333333,6.0540480334097495,0.5087864591001914,145.0,30.0,-0.1595903568910692,0.6596537711815753,0.7286118926747325,0.9364085096214518,-0.5000000000000004,0.8660254037844384,1.3531224264481585,-0.0350200202881535,0.5087864591001914,-0.6635673783542755,0.4866377926806819,-0.2547681159420314,1.3249412
2005-12,191.32258064516128,5.25396090735358,0.0781620027605125,59.4,31.0,-1.0925594677183008,0.5528494701468619,0.3623527236148509,0.792281022070133,-2.4492935982947064e-16,1.0,0.5087864591001914,0.0192554867144608,0.0781620027605125,1.3531224264481585,-0.6635673783542755,-0.3573814866760152,0.17103577
2006-01,158.29032258064515,5.064430831604757,0.2172725646921263,191.8,31.0,1.3311910850794528,-0.10718185537441,0.3220252721791988,0.7227411872625128,0.4999999999999999,0.8660254037844387,0.0781620027605125,-0.2006630195132561,0.2172725646921263,0.5087864591001914,1.3531224264481585,-0.3356317204301078,1.185111
2006-02,111.17857142857144,4.711137660266404,0.0957689099816416,32.5,28.0,-0.8883078247362222,-0.4957819645704192,0.3668974968689522,0.9182824569879032,0.8660254037844386,0.5000000000000001,0.2172725646921263,-0.1375131627818373,0.0957689099816416,0.0781620027605125,0.5087864591001914,-0.3566895297391035,-0.3089981
2006-03,110.87096774193547,4.7083670723646875,0.2854522706018256,178.5,31.0,1.2134222342446934,1.029123533549018,0.9704225580527852,1.2177220813782732,1.0,6.123233995736766e-17,0.0957689099816416,-0.2835752535853106,0.2854522706018256,0.2172725646921263,0.0781620027605125,-0.16496146953405244,-1.3902316
2006-07,626.0322580645161,6.439401900226949,1.2947480045304252,148.5,29.0,0.0614770802805945,-0.2114082260662931,,,-0.4999999999999998,-0.8660254037844388,0.82996839626224,-0.1843122508099206,1.2947480045304252,-0.5874824212825276,0.2118430827034174,-0.17060308555399573,0.17759752
2006-08,218.29032258064515,5.385825931747079,0.0239759591775259,438.3,30.0,2.046618267017145,1.1903881854039988,,,-0.8660254037844384,-0.5000000000000004,1.2947480045304252,0.0851082862645509,0.0239759591775259,0.82996839626224,-0.5874824212825276,-0.3578541374474078,-0.29663897
2006-09,132.7,4.888090941338162,-0.6088971116865594,271.8,30.0,0.7013364435861387,1.2943057562859266,,,-1.0,-1.8369701987210294e-16,0.0239759591775259,0.3339381567263526,-0.6088971116865594,1.2947480045304252,0.82996839626224,0.10178610694653045,-1.4935329
2006-10,330.3709677419355,5.800216167755564,0.2397295144523719,226.9,30.0,0.4395148649908594,1.500605910895042,0.743936835899119,,-0.8660254037844386,0.5000000000000001,-0.6088971116865594,-0.4198607712820474,0.2397295144523719,0.0239759591775259,1.2947480045304252,-0.07668910705937293,-0.89770484
2006-11,179.5,5.190175207928333,-0.3550863663812249,94.5,30.0,-0.7383994462990485,0.1438926729367686,0.7478549518426846,,-0.5000000000000004,0.8660254037844384,0.2397295144523719,-0.3747274526712787,-0.3550863663812249,-0.6088971116865594,0.0239759591775259,0.2742318840579685,-0.23721743
2006-12,137.0,4.919980925828125,-0.2558179787649424,43.099999999999994,28.0,-1.442387546411336,-0.7074613023858253,0.4635658977522915,,-2.4492935982947064e-16,1.0,-0.3550863663812249,0.0573877034648521,-0.2558179787649424,0.2397295144523719,-0.6088971116865594,-0.08544600280504966,0.9719467
2007-01,87.03225806451613,4.466278832282555,-0.3808794346300761,63.8,31.0,-0.7632279887886111,-1.5235560330373965,0.3524495931460115,,0.4999999999999999,0.8660254037844387,-0.2558179787649424,-0.4079427486715419,-0.3808794346300761,-0.3550863663812249,0.2397295144523719,-0.00014784946236545693,0.1247344
2007-02,63.28928571428571,4.1477160528060955,-0.467652697478667,27.4,28.0,-1.0565891983570603,-2.444654919162374,-0.7548480544075025,,0.8660254037844386,0.5000000000000001,-0.3808794346300761,-0.1705704805404717,-0.467652697478667,-0.2558179787649424,-0.3550863663812249,0.11973904168947058,-0.9827113
2007-03,62.11612903225806,4.129005681983716,-0.2939091197791459,34.1,31.0,-1.0519775124987414,-1.7644653490618964,-1.600540326633876,,1.0,6.123233995736766e-17,-0.467652697478667,-0.3353697646910321,-0.2939091197791459,-0.3808794346300761,-0.2558179787649424,0.184070788530466,-0.37887096
2007-07,75.02903225806452,4.317875135407877,-0.8267787602886472,38.6,31.0,-1.7096938328744415,-1.612307318065253,,,-0.4999999999999998,-0.8660254037844388,-1.216954435514796,-0.237250675327548,-0.8267787602886472,-1.0586845503277096,-0.208315767107484,0.009719495091164987,-0.6213155
2007-08,139.93548387096774,4.941181486901673,-0.4206684856678802,112.4,31.0,-0.9794794315853862,-1.403711968737904,,,-0.8660254037844384,-0.5000000000000004,-0.8267787602886472,-0.0563954140764162,-0.4206684856678802,-1.216954435514796,-1.0586845503277096,-0.02043478260869591,0.37254763
2007-09,98.54333333333334,4.5904963837542985,-0.906491669270423,98.5,30.0,-0.9393395922266838,-1.946668473744802,,,-1.0,-1.8369701987210294e-16,-0.4206684856678802,-0.2089808594288182,-0.906491669270423,-0.8267787602886472,-1.216954435514796,-0.10654722638680525,-0.24540806
2007-10,684.5032258064516,6.528693357363785,0.9682067040605932,228.6,31.0,0.4537475915306224,-0.8681145263715279,-1.7392680773022673,,-0.8660254037844386,0.5000000000000001,-0.906491669270423,0.0766987239455245,0.9682067040605932,-0.4206684856678802,-0.8267787602886472,-0.13959233286582418,0.42531633
2007-11,199.26666666666668,5.294643961181728,-0.2506176131278304,77.8,28.0,-0.970492903665062,-0.9313628174532632,-1.473962427872858,,-0.5000000000000004,0.8660254037844384,0.9682067040605932,0.0701800016139015,-0.2506176131278304,-0.906491669270423,-0.4206684856678802,-0.32276811594202925,0.06468773
2007-12,467.5806451612903,6.147571836870609,0.971772932277542,247.4,31.0,1.2325072262944643,0.2961609761186657,-1.0415230657873744,,-2.4492935982947064e-16,1.0,-0.2506176131278304,0.318071245936634,0.971772932277542,0.9682067040605932,-0.906491669270423,-0.4873814866760142,0.32006454
2008-01,151.60967741935482,5.021309306390909,0.1741510394782777,77.89999999999999,27.0,-0.4370134085724979,-0.0669454062582561,-0.7466895989483274,,0.4999999999999999,0.8660254037844387,0.971772932277542,0.1627414309070243,0.1741510394782777,-0.2506176131278304,0.9682067040605932,-0.3298252688172063,-0.8245983
2008-02,83.58965517241379,4.425919770477216,-0.1894489798075467,46.4,29.0,-0.4988789007476091,0.3283298677120783,-0.5223921456943448,,0.8660254037844386,0.5000000000000001,0.1741510394782777,-0.1369577507837927,-0.1894489798075467,0.971772932277542,-0.2506176131278304,-0.5304456873745664,1.266758
2008-03,58.46774193548387,4.0684751822436835,-0.3544396195191783,40.3,29.0,-0.881536839449917,-1.2001553210632343,-0.3229841873974344,,1.0,6.123233995736766e-17,-0.1894489798075467,-0.0076525083089098,-0.3544396195191783,0.1741510394782777,0.971772932277542,-0.7562517921146963,0.14679527
2008-04,129.29666666666668,4.862109505605341,0.316633725164082,158.6,30.0,0.4985944218960664,-0.4113643650930233,-0.4217121515244315,-1.6420064929746991,0.8660254037844387,-0.4999999999999998,-0.3544396195191783,0.0288928774804075,0.316633725164082,-0.1894489798075467,0.1741510394782777,-0.8919305555555539,0.096889496
2008-05,60.593548387096774,4.104188425148631,-0.9521639829293322,63.9,31.0,-1.1458194221335627,-1.0069712113513725,-0.8362209263460958,-1.624959364050638,0.4999999999999999,-0.8660254037844387,0.316633725164082,-0.2507772198926645,-0.9521639829293322,-0.3544396195191783,-0.1894489798075467,-0.27592741935484355,-1.1969938
2008-06,65.47666666666666,4.181693845078075,-0.8660735404393236,45.0,28.0,-0.7997995654728092,-0.8683878428618014,-1.4719883299124836,-1.8030316840689984,1.2246467991473532e-16,-1.0,-0.9521639829293322,-0.6513323067506933,-0.8660735404393236,0.316633725164082,-0.3544396195191783,-0.3254410919540227,-0.50916576
2008-07,29.893548387096775,3.3976426841074994,-1.7470112115890246,147.3,28.0,0.0485099903742431,-0.9377588365701884,-1.1969446390865088,-1.361393306502228,-0.4999999999999998,-0.8660254037844388,-0.8660735404393236,-0.0319140988727824,-1.7470112115890246,-0.9521639829293322,0.316633725164082,-0.44673211781206135,-0.72040796
2008-08,167.3741935483871,5.120231985767538,-0.2416179868020149,299.8,30.0,1.0549994857132667,0.1406123982637109,-0.5213933012924625,-1.044737938190525,-0.8660254037844384,-0.5000000000000004,-1.7470112115890246,-0.1854618803568379,-0.2416179868020149,-0.8660735404393236,-0.9521639829293322,-0.3010799438990226,-1.4284267
2008-09,1064.3366666666666,6.970107035892692,1.4731189828679705,302.0,30.0,0.905476371479316,0.8682571658831392,0.0556988147462208,-0.3679597891468178,-1.0,-1.8369701987210294e-16,-0.2416179868020149,-0.0345782179187201,1.4731189828679705,-1.7470112115890246,-0.8660735404393236,-0.3588805597201379,-0.18691921
2008-10,278.9032258064516,5.630864860742431,0.0703782074392389,239.8,31.0,0.5458175328193352,1.1263140016180433,0.0962861021356025,-0.3046845829155683,-0.8660254037844386,0.5000000000000001,1.4731189828679705,0.2296887687574864,0.0703782074392389,-0.2416179868020149,-1.7470112115890246,-0.6544310425432407,0.5341234
2008-11,190.32333333333332,5.248724380203104,-0.2965371941064543,79.2,27.0,-0.950016670778525,0.282112535411114,0.169775856141099,-0.3303586457428314,-0.5000000000000004,0.8660254037844384,0.0703782074392389,-0.4973313857328694,-0.2965371941064543,1.4731189828679705,-0.2416179868020149,-0.350101449275364,0.58069277
2008-12,90.30967741935484,4.503244624330239,-0.6725542802628288,116.1,31.0,-0.1553464864545606,-0.2991984290787864,0.3402932350801351,-0.5081675718220567,-2.4492935982947064e-16,1.0,-0.2965371941064543,-0.2307324584307001,-0.6725542802628288,0.0703782074392389,1.4731189828679705,-0.7538330995792428,1.1514392
2009-01,110.1032258064516,4.701418342177283,-0.1457399247353477,158.5,31.0,0.9099407579854644,-0.3654352624795131,0.541531572304802,-0.3036322438275928,0.4999999999999999,0.8660254037844387,-0.6725542802628288,-0.2165904268260312,-0.1457399247353477,-0.2965371941064543,0.0703782074392389,-0.7198252688172033,-0.06752682
2009-02,90.62857142857142,4.5067695212653245,-0.1085992290194379,75.4,28.0,0.1197596579414028,0.138410600279703,0.3113321653751027,-0.1837504603998918,0.8660254037844386,0.5000000000000001,-0.1457399247353477,-0.1162001564626666,-0.1085992290194379,-0.6725542802628288,-0.2965371941064543,-0.5181181011676728,0.8822613
2009-03,168.59032258064516,5.127471645229077,0.7045568434662153,249.1,29.0,1.860454834318629,1.5699016703212898,0.5825302621050605,0.2776250992386653,1.0,6.123233995736766e-17,-0.1085992290194379,0.3599312785247155,0.7045568434662153,-0.1457399247353477,-0.6725542802628288,-0.9562517921146956,0.6303625
2009-04,82.27666666666667,4.410087551891523,-0.1353882285497363,87.7,30.0,-0.3503405687375569,0.8477892606805952,0.1489333600672534,0.1669081634578242,0.8660254037844387,-0.4999999999999998,0.7045568434662153,0.0394386608215113,-0.1353882285497363,-0.1085992290194379,-0.1457399247353477,-0.753597222222222,0.5055108
2009-05,539.3967741935484,6.290451430327251,1.2340990222492882,161.4,27.0,0.0219580417802115,0.6703382909569515,0.4424342185283914,0.3909316026076704,0.4999999999999999,-0.8660254037844387,-0.1353882285497363,0.571871120370419,1.2340990222492882,0.7045568434662153,-0.1085992290194379,-0.9630241935483888,0.49593306
2009-06,357.1,5.878015854600402,0.8302484690830036,74.89999999999999,30.0,-0.2856022146848528,-0.4775647756916453,0.4368358801825623,0.4771171101354099,1.2246467991473532e-16,-1.0,1.2340990222492882,0.1232557575223638,0.8302484690830036,-0.1353882285497363,0.7045568434662153,-0.46877442528735713,-1.3582206
2009-07,258.22258064516126,5.553821928675261,0.4091680329787373,198.1,31.0,0.5455254337567759,0.0364590942634627,0.3593900162874818,0.571892878839176,-0.4999999999999998,-0.8660254037844388,0.8302484690830036,0.0595166383765215,0.4091680329787373,1.2340990222492882,-0.1353882285497363,-0.0831837307152874,-0.2634201
2009-08,104.52258064516128,4.649403130791171,-0.712446841778382,262.9,31.0,0.7423935166880322,0.3644257651139304,0.5386091690328387,0.4276292548814578,-0.8660254037844384,-0.5000000000000004,0.4091680329787373,-0.2429286315223602,-0.712446841778382,0.8302484690830036,1.2340990222492882,-0.23527349228611527,-0.5949774
2009-09,320.6566666666667,5.770370976480149,0.2733829234554275,504.9,30.0,2.0209279614497073,1.6789820215968243,0.8786525875054181,0.956689265281872,-1.0,-1.8369701987210294e-16,-0.712446841778382,-0.4977434082672491,0.2733829234554275,0.4091680329787373,0.8302484690830036,-0.32421389305347503,-0.23955822
2009-10,197.3967741935484,5.285215785394472,-0.2752708679087199,136.8,31.0,-0.4476802887114345,1.3763716369697063,0.7961661369767722,0.6706630643036156,-0.8660254037844386,0.5000000000000001,0.2733829234554275,-0.2315229773039,-0.2752708679087199,-0.712446841778382,0.4091680329787373,-0.1476568489948562,0.25493336
2009-11,85.2,4.44500143383527,-1.1002601404742878,224.3,30.0,0.5313188850183556,1.35332639056423,0.987120547044806,1.0760859489754553,-0.5000000000000004,0.8660254037844384,-0.2752708679087199,0.3990956522978129,-1.1002601404742878,0.2733829234554275,-0.712446841778382,0.07689855072463914,-1.3996291
2009-12,324.43225806451613,5.782076756460632,0.6062778518675644,68.3,29.0,-0.9190969991850052,-0.3304088453229512,0.980221432816275,0.8304554390981375,-2.4492935982947064e-16,1.0,-1.1002601404742878,-0.0685050400131902,0.6062778518675644,-0.2752708679087199,0.2733829234554275,0.3242314165497895,-0.7231016
2010-01,235.16129032258064,5.460271620517558,0.6131133536049269,157.3,31.0,0.8937395386503822,0.1944697292837066,1.0396942822734856,0.8673197313871563,0.4999999999999999,0.8660254037844387,0.6062778518675644,0.8035966194880715,0.6131133536049269,-1.1002601404742878,-0.2752708679087199,0.2985618279569877,-1.0037637
2010-02,104.41428571428573,4.648366502431033,0.0329977521462705,134.9,23.0,1.0160567016744917,0.2312554688576455,1.2528404759385157,1.1846223958218585,0.8660254037844386,0.5000000000000001,0.6131133536049269,0.1031073845294516,0.0329977521462705,0.6062778518675644,-1.1002601404742878,0.5497390416894703,-2.9708614
2010-03,89.8967741935484,4.498662058670818,0.075747256907956,33.8,29.0,-1.0606530413992874,0.4410615634964908,-0.1435415513543781,0.556180922682265,1.0,6.123233995736766e-17,0.0329977521462705,0.1903205010511368,0.075747256907956,0.6131133536049269,0.6062778518675644,0.8234256272401446,-1.6276026
2010-04,163.82000000000002,5.0987682640874565,0.5532924836461977,118.0,30.0,0.0525453245863134,-0.0555768975357945,0.0121035693808532,0.7022717705577518,0.8660254037844387,-0.4999999999999998,0.075747256907956,0.1606904554538486,0.5532924836461977,0.0329977521462705,0.6131133536049269,0.43440277777778036,-1.2429466
2010-05,394.158064516129,5.976752007822111,0.9203995997441484,291.4,28.0,0.9682395330360228,0.3365388229603929,0.195660850502465,1.0111224495958666,0.4999999999999999,-0.8660254037844387,0.5532924836461977,0.5832423802971938,0.9203995997441484,0.075747256907956,0.0329977521462705,0.5543951612903193,-0.73818636
2010-06,537.8333333333334,6.287548722823907,1.239781337306508,312.40000000000003,30.0,1.7621162034679425,1.4509590525515537,1.3599187343581616,1.5705778605499885,1.2246467991473532e-16,-1.0,0.9203995997441484,-0.0838013848498042,1.239781337306508,0.5532924836461977,0.075747256907956,0.326225574712641,-1.1574492
2010-07,833.516129032258,6.725653052972137,1.5809991572756132,359.8,31.0,1.7174843987172053,1.8746847899178576,1.709385387010076,1.8287899447965152,-0.4999999999999998,-0.8660254037844388,1.239781337306508,0.6020617248884497,1.5809991572756132,0.9203995997441484,0.5532924836461977,0.40230014025245353,-0.7351084
2010-08,327.0,5.7899601708972535,0.4281101983277002,132.4,31.0,-0.6828879145886448,1.526273222188042,1.2272220336006086,1.6728282843685656,-0.8660254037844384,-0.5000000000000004,1.5809991572756132,-0.3366172088265315,0.4281101983277002,1.239781337306508,0.9203995997441484,0.4889200561009801,-2.3996093
2010-09,277.96666666666664,5.62750120242483,0.1305131494001088,203.8,24.0,0.1798940226334768,0.6469237915495083,1.2245270437055022,0.8660431138882752,-1.0,-1.8369701987210294e-16,0.4281101983277002,0.3848979488285751,0.1305131494001088,1.5809991572756132,1.239781337306508,-0.05588055972013706,-1.1262882
2010-10,483.03225806451616,6.180083438305484,0.6195967850022921,169.9,31.0,-0.0855451145885994,-0.4704710538273366,1.1411091614050295,0.9258010711708908,-0.8660254037844386,0.5000000000000001,0.1305131494001088,0.335674447941364,0.6195967850022921,0.4281101983277002,1.5809991572756132,-0.091205236091632,-1.1401827
2010-11,332.23333333333335,5.805837533305301,0.2605759589957426,67.3,30.0,-1.130711786014723,-0.7022089446894197,0.5602516524261781,0.5418864382900911,-0.5000000000000004,0.8660254037844384,0.6195967850022921,0.0315263223089452,0.2605759589957426,0.1305131494001088,0.4281101983277002,-0.5551014492753623,0.08052921
2010-12,134.68387096774194,4.902930335844057,-0.2728685687490104,97.1,31.0,-0.4307466617476566,-0.8987773578849764,-0.1756865356367459,0.5685621584412164,-2.4492935982947064e-16,1.0,0.2605759589957426,-0.2113194330903135,-0.2728685687490104,0.6195967850022921,0.1305131494001088,-0.5535105189340825,-1.8255377
2011-01,85.58387096774193,4.449496842119758,-0.3976614247928731,44.0,31.0,-1.3209291026357064,-1.4587639203278404,-1.3053173396448683,0.3435465311753987,0.4999999999999999,0.8660254037844387,-0.2728685687490104,-0.0260623669443564,-0.3976614247928731,0.2605759589957426,0.6195967850022921,-0.7191801075268813,-0.49364138
2011-02,67.8,4.216562194946349,-0.398806555338413,65.3,28.0,-0.0746596996600207,-1.3787628332895387,-1.158155353175928,0.2766691234059492,0.8660254037844386,0.5000000000000001,-0.3976614247928731,-0.1677034008998292,-0.398806555338413,-0.2728685687490104,0.2605759589957426,-0.3245466725962416,0.37262297
2011-03,47.332258064516125,3.857192051728275,-0.5657227500345869,29.5,31.0,-1.189849275720101,-1.558064424383039,-1.7088890863755968,0.1643888566626781,1.0,6.123233995736766e-17,-0.398806555338413,-0.2037032696875966,-0.5657227500345869,-0.3976614247928731,-0.2728685687490104,-0.6901227598566315,-0.48513126
2011-04,66.12333333333333,4.1915216850719075,-0.3539540953693514,60.3,29.0,-0.8004801447440532,-1.3617726017127392,-2.184506530686488,0.0862721094170202,0.8660254037844387,-0.4999999999999998,-0.5657227500345869,-0.0334531231469106,-0.3539540953693514,-0.398806555338413,-0.3976614247928731,-0.6212638888888868,-0.9322982
2011-05,824.7677419354839,6.715101821772413,1.6587494136944505,540.4,31.0,2.1974638683026972,1.383291627619641,0.378950908819931,0.7038576482049445,0.4999999999999999,-0.8660254037844387,-0.3539540953693514,0.5209244024335618,1.6587494136944505,-0.5657227500345869,-0.398806555338413,-0.6752822580645201,-2.0315087
2011-06,545.3666666666667,6.301458351320921,1.2536909658035222,187.1,30.0,0.9023874248634408,1.696157049615003,0.9149679568012754,0.3876914709590055,1.2246467991473532e-16,-1.0,1.6587494136944505,0.5739078061452894,1.2536909658035222,-0.3539540953693514,-0.5657227500345869,-0.061774425287357104,-1.3769879
2011-07,751.0645161290323,6.621491555037102,1.4768376593405783,375.9,30.0,1.81398380425385,2.243433104091263,1.733635946490046,0.4027082825461653,-0.4999999999999998,-0.8660254037844388,1.2536909658035222,0.1248884351192778,1.4768376593405783,1.6587494136944505,-0.3539540953693514,-0.13737727910238462,-0.81164074
2011-08,1786.0967741935483,7.487787944847304,2.1259379722777503,623.1,29.0,3.100060281229824,2.80638272626978,2.748581013483712,1.64649063063739,-0.8660254037844384,-0.5000000000000004,1.4768376593405783,0.2428232378169239,2.1259379722777503,1.2536909658035222,1.6587494136944505,-0.19946704067321264,-0.082947254
2011-09,752.3666666666667,6.6232237937696015,1.12623574074488,183.1,29.0,-0.0015728399624298,2.378316005056909,2.5223355905521823,1.5455365644121934,-1.0,-1.8369701987210294e-16,2.1259379722777503,0.3141565218871871,1.12623574074488,1.4768376593405783,1.2536909658035222,-0.3625472263868055,-1.3877406
2011-10,312.51612903225805,5.744656080747782,0.1841694274445897,187.9,27.0,0.0915343058643946,1.7129895155533716,2.568318882413169,1.5350030145563618,-0.8660254037844386,0.5000000000000001,1.12623574074488,0.2873643150149455,0.1841694274445897,2.1259379722777503,1.4768376593405783,-0.27152781673678916,0.84831715
2011-11,323.8333333333333,5.780228980149385,0.2349674058398267,169.6,25.0,0.0762187796655467,-0.1299440435115684,1.783839958982485,1.8500992850878824,-0.5000000000000004,0.8660254037844384,0.1841694274445897,0.7433157645201676,0.2349674058398267,1.12623574074488,2.1259379722777503,-0.12910144927536038,-1.1089101
2011-12,186.3870967741935,5.227825676541034,0.0520267719479665,176.5,28.0,0.565645761137205,0.2032265443335657,1.8412314903598457,1.6878668100242038,-2.4492935982947064e-16,1.0,0.2349674058398267,1.224728125222803,0.0520267719479665,0.1841694274445897,1.12623574074488,-0.18576858345021208,-0.05128193
2012-01,106.47741935483872,4.667932937831841,-0.1792253290807899,90.9,29.0,-0.1705705294048256,0.12430198193379,1.2659250817719765,1.843242146451982,0.4999999999999999,0.8660254037844387,0.0520267719479665,0.6086330382054904,-0.1792253290807899,0.2349674058398267,0.1841694274445897,-0.25047043010752645,0.7297535
2012-02,74.41034482758621,4.309594975554946,-0.3057737747298166,125.7,28.0,0.8969006417612945,0.5085538576891603,0.1606454370092973,2.2609752972577475,0.8660254037844386,0.5000000000000001,-0.1792253290807899,-0.2173978598879189,-0.3057737747298166,0.0520267719479665,0.2349674058398267,-0.5925146528918113,0.2605996
2012-03,355.03548387096777,5.872217739046397,1.4493029372835355,281.2,28.0,2.1171586490796797,1.6632528223773442,1.0406658382192289,2.631162968906836,1.0,6.123233995736766e-17,-0.3057737747298166,-0.0010817356633896,1.4493029372835355,-0.1792253290807899,0.0520267719479665,-0.32431630824372704,0.72239256
2012-04,239.7,5.479388141440339,0.9339123609990798,121.7,29.0,0.0969545905617568,1.535655622787552,0.9966021061025052,2.813034087533824,0.8660254037844387,-0.4999999999999998,1.4493029372835355,0.0647179235761816,0.9339123609990798,-0.3057737747298166,-0.1792253290807899,-0.21326388888888914,-0.8728051
2012-05,681.8064516129032,6.5247458222769605,1.4683934141989976,346.6,21.0,1.2854207745349873,1.9487453668484416,1.8920665239085248,2.4959004718440068,0.4999999999999999,-0.8660254037844387,0.9339123609990798,0.3905329566783748,1.4683934141989976,1.4493029372835355,-0.3057737747298166,-0.4094758064516171,-0.39886475
2012-06,98.38,4.588837531367194,-0.4589298541502051,26.1,26.0,-1.2516466351568134,0.4743396884024244,1.1601985970255058,2.1516492030663437,1.2246467991473532e-16,-1.0,1.4683934141989976,-0.0194555000758542,-0.4589298541502051,0.9339123609990798,1.4493029372835355,-0.05777442528735577,-1.102067
2012-07,181.1129032258065,5.199120611527447,0.0544667158309231,140.1,29.0,-0.0308266630944606,0.3784767977353981,1.0535348501996815,1.5506396918614749,-0.4999999999999998,-0.8660254037844388,-0.4589298541502051,-0.4741382982857047,0.0544667158309231,1.4683934141989976,0.9339123609990798,-0.21479663394109494,-0.5645919
2012-08,339.68387096774194,5.82801539381483,0.466165421245277,201.4,28.0,0.1500857364272816,-0.5791856053181328,0.8162279705434824,0.5568553452101831,-0.8660254037844384,-0.5000000000000004,0.0544667158309231,-0.380417043802989,0.466165421245277,-0.4589298541502051,1.4683934141989976,-0.11462833099579228,-0.0057001114
2012-09,80.19,4.384398818818937,-1.1125892342057844,27.8,30.0,-2.416092247270877,-1.0519899084521616,-0.4710961824505012,0.1058023202745479,-1.0,-1.8369701987210294e-16,0.466165421245277,-0.1082299678899743,-1.1125892342057844,0.0544667158309231,-0.4589298541502051,-0.09754722638680491,-2.2970984
2012-10,362.5290322580645,5.893104560075542,0.3326179067723496,234.3,31.0,0.5009663962701457,-0.7203625322130158,-0.295700943795481,0.2422410153804093,-0.8660254037844386,0.5000000000000001,-1.1125892342057844,0.0041020420772914,0.3326179067723496,0.466165421245277,0.0544667158309231,-0.13346330060775813,-1.3747594
2012-11,209.34666666666664,5.343991570039211,-0.2012700042703468,113.3,27.0,-0.5045283364461541,-1.129295860024992,-1.1201072000005885,0.0801325779339172,-0.5000000000000004,0.8660254037844384,0.3326179067723496,-0.2339760984699137,-0.2012700042703468,-1.1125892342057844,0.466165421245277,0.2672318840579706,-1.2470474
2012-12,187.1483870967742,5.231901816075386,0.0561029114823181,153.2,29.0,0.3095921952330398,0.0421062856063879,-0.7711314885392003,0.087721347866269,-2.4492935982947064e-16,1.0,-0.2012700042703468,0.217693203998712,0.0561029114823181,0.3326179067723496,-1.1125892342057844,0.15552173913043532,0.03198099
2013-01,78.56451612903226,4.363920148761451,-0.4832381181511795,63.3,31.0,-0.7756796952446589,-0.52104801899092,-0.9543070362895693,0.0371499656072984,0.4999999999999999,0.8660254037844387,0.0561029114823181,0.1055340075545281,-0.4832381181511795,-0.2012700042703468,0.3326179067723496,-0.1088575268817209,1.1240802
2013-02,52.03928571428571,3.951998927844605,-0.6633698224401576,26.6,26.0,-1.0845802011905552,-0.9354679430195096,-1.3120535463522796,-0.1565757601332133,0.8660254037844386,0.5000000000000001,-0.4832381181511795,-0.2011907862841391,-0.6633698224401576,0.0561029114823181,-0.2012700042703468,-0.32097524402481525,-0.1060462
2013-03,53.52903225806452,3.980224165745039,-0.4426906360178231,138.5,30.0,0.7723155439877644,-0.4581482672277469,-0.2699768882660714,-0.656863353104252,1.0,6.123233995736766e-17,-0.6633698224401576,0.0790118863372697,-0.4426906360178231,-0.4832381181511795,0.0561029114823181,-0.2649614695340503,-1.6906619
2013-04,80.21333333333334,4.384689752093365,-0.1607860283478936,87.6,29.0,-0.3518083974527931,-0.3449352756926142,-0.772624000860657,-0.6806328835050595,0.8660254037844387,-0.4999999999999998,-0.4426906360178231,-0.0998265710889871,-0.1607860283478936,-0.6633698224401576,-0.4832381181511795,-0.49059722222222035,1.2177973
2013-05,245.74193548387095,5.504281942553403,0.4479295344754401,311.2,31.0,1.086093862561923,0.8931660208427765,0.0628134433305762,-0.8641215208159531,0.4999999999999999,-0.8660254037844387,-0.1607860283478936,0.3084010973251638,0.4479295344754401,-0.4426906360178231,-0.6633698224401576,-0.265604838709681,-0.17131233
2013-07,488.6774193548387,6.191702597673177,1.047048701976653,291.5,29.0,1.2748634272482071,0.958110446749892,0.6274667409543386,-0.2753962071835964,-0.4999999999999998,-0.8660254037844388,0.4479295344754401,0.2550815966416004,1.047048701976653,-0.1607860283478936,-0.4426906360178231,-0.42963534361851075,-0.27858114
2013-08,273.741935483871,5.612185821277124,0.2503358487075706,241.6,28.0,0.5487340477449317,0.654487429379929,0.8701119845116827,-0.3254268090093548,-0.8660254037844384,-0.5000000000000004,1.047048701976653,-0.0849427463365657,0.2503358487075706,0.4479295344754401,-0.1607860283478936,-0.1417251051893409,0.9288049
2013-09,565.2666666666667,6.337297596201793,0.8403095431770717,183.1,29.0,-0.0015728399624298,0.732383685017175,0.5580182238725497,0.1401302228074971,-1.0,-1.8369701987210294e-16,0.2503358487075706,0.497835516802575,0.8403095431770717,1.047048701976653,0.4479295344754401,-0.16021389305347,-0.43558455
2013-10,268.80645161290323,5.593991609897061,0.0335049565938687,95.4,31.0,-0.9988922641702924,-0.3914766274030988,0.3633187641790373,-0.2400693887194795,-0.8660254037844386,0.5000000000000001,0.8403095431770717,-0.4679606012773485,0.0335049565938687,0.2503358487075706,1.047048701976653,0.03395605423095205,0.4665203
2013-11,257.73333333333335,5.551925458666066,0.0066638843565076,204.1,29.0,0.3725330279271402,-0.4535141876977664,0.0643309321658995,0.0037809106347958,-0.5000000000000004,0.8660254037844384,0.0335049565938687,0.1495134210077731,0.0066638843565076,0.8403095431770717,0.2503358487075706,-0.04110144927536297,0.444386
2014-06,83.53333333333333,4.425245753793858,-0.6225216317235409,19.9,22.0,-1.4392481671094934,-1.0133973330004056,,,1.2246467991473532e-16,-1.0,0.1513871118796883,-0.1681253952831261,-0.6225216317235409,0.3203392439302073,0.1386405147634049,-0.13077442528735972,-0.32056093
2015-04,47.98,3.870784257411549,-0.6746915230297104,137.7,28.0,0.2795735846262908,-0.0859041917085063,,,0.8660254037844387,-0.4999999999999998,-0.2199569553589961,-0.4271454965363437,-0.6746915230297104,0.1140397814162588,-0.0747528712262965,0.015069444444442581,0.19875622
2015-05,32.34838709677419,3.4765641617989917,-1.5797882462789712,118.1,31.0,-0.4085391415991672,-0.5254755721975967,,,0.4999999999999999,-0.8660254037844387,-0.6746915230297104,-0.2583053889045537,-1.5797882462789712,-0.2199569553589961,0.1140397814162588,-0.0010887096774183647,0.05410528
2015-06,16.996666666666666,2.8330172463989545,-2.2147501391184443,103.1,28.0,0.0865144444839478,-0.259052688474448,,,1.2246467991473532e-16,-1.0,-1.5797882462789712,0.2426685376770492,-2.2147501391184443,-0.6746915230297104,-0.2199569553589961,-0.07377442528735756,-0.14227772
2015-07,39.33548387096774,3.6721270089885696,-1.4725268867079544,34.6,29.0,-1.8268049239327255,-0.9404122476522015,-0.9987863519171832,,-0.4999999999999998,-0.8660254037844388,-2.2147501391184443,-0.346079894078003,-1.4725268867079544,-1.5797882462789712,-0.6746915230297104,-0.3122159887798013,-0.068975925
2015-08,69.66451612903225,4.243691093858986,-1.1181588787105676,157.1,31.0,-0.3566501060418649,-1.0810931737331435,-1.155739385126158,,-0.8660254037844384,-0.5000000000000004,-1.4725268867079544,-0.0104795835804243,-1.1181588787105676,-2.2147501391184443,-1.5797882462789712,-0.35043478260869776,-0.15863419
2016-04,242.56333333333333,5.491262844663892,0.9457870642226328,122.2,29.0,0.1028887225904105,-0.6279540675958967,,,0.8660254037844387,-0.4999999999999998,0.5397944708141624,-0.0274719378489061,0.9457870642226328,0.2718122847109683,0.1880542384131809,0.468736111111113,-1.5283072
2016-05,257.8806451612903,5.552496862228069,0.4961444541501061,109.2,31.0,-0.5101270265317559,-0.8790005658191148,,,0.4999999999999999,-0.8660254037844387,0.9457870642226328,-0.18803279894713,0.4961444541501061,0.5397944708141624,0.2718122847109683,0.29568548387096527,0.57708454
2016-09,151.50333333333336,5.020607626907599,-0.4763804261171227,186.6,28.0,0.030045017919599,0.2039861733668483,,,-1.0,-1.8369701987210294e-16,0.2714408120796454,-0.2521525816652521,-0.4763804261171227,0.5990727689674182,0.60264947353755,0.186452773613194,0.63781357
2016-10,374.40645161290325,5.925341976327041,0.3648553230238489,140.0,29.0,-0.4102092001094166,-0.1760730059590006,,,-0.8660254037844386,0.5000000000000001,-0.4763804261171227,0.2630640040532201,0.3648553230238489,0.2714408120796454,0.5990727689674182,0.29460121552127205,-1.3034317
2016-11,622.4,6.433582972864182,0.8883213985546234,450.8,29.0,1.8935365953390555,0.9920403685473624,,,-0.5000000000000004,0.8660254037844384,0.3648553230238489,0.0369139955595714,0.8883213985546234,-0.4763804261171227,0.2714408120796454,0.34956521739130153,-0.820282
2016-12,253.6129032258065,5.5358091014966595,0.360010196903592,110.2,25.0,-0.237637084956937,0.9265091660443504,0.6947173321416289,,-2.4492935982947064e-16,1.0,0.8883213985546234,0.214323037144026,0.360010196903592,0.3648553230238489,-0.4763804261171227,0.3326185133239825,1.2666125
2017-01,157.84193548387097,5.061594123954631,0.2144358570419999,101.9,25.0,0.035318502388206,1.198913696590724,0.6293427346722965,,0.4999999999999999,0.8660254037844387,0.360010196903592,-0.0888563894505847,0.2144358570419999,0.8883213985546234,0.3648553230238489,0.1766263440860243,-0.6275573
2017-05,391.4838709677419,5.969944316543222,0.9135919084652588,159.3,31.0,0.0030356945815266,1.533951069505167,,,0.4999999999999999,-0.8660254037844387,1.3777366921504983,0.3113265782610928,0.9135919084652588,0.6430229436017099,-0.1804362827768608,-0.12528225806451587,0.30016422
2017-06,145.32999999999998,4.979007018638079,-0.0687603668793199,107.6,28.0,0.1394562743138594,0.5020740393900667,,,1.2246467991473532e-16,-1.0,0.9135919084652588,-0.1968359833203661,-0.0687603668793199,1.3777366921504983,0.6430229436017099,-0.11310775862068922,0.30357313
2017-07,160.6516129032258,5.079238125369706,-0.0654157703268181,298.1,26.0,1.3203186820341424,0.5873475390275656,,,-0.4999999999999998,-0.8660254037844388,-0.0687603668793199,0.6168596093674095,-0.0654157703268181,0.9135919084652588,1.3777366921504983,0.17939691444600214,-0.7793741
2017-08,397.4774193548387,5.985138125826333,0.6232881532567802,133.0,29.0,-0.6744866586615436,0.3783141994285607,1.078454128300916,,-0.8660254037844384,-0.5000000000000004,-0.0654157703268181,0.2575930925170548,0.6232881532567802,-0.0687603668793199,0.9135919084652588,0.29182328190743334,0.17185974
2019-03,66.44193548387096,4.196328415625286,-0.2265863861375763,32.0,29.0,-1.1136097799331777,-2.069613323453237,,,1.0,6.123233995736766e-17,-0.296500637005308,-0.2534263455441798,-0.2265863861375763,-0.109913393941972,-0.4834453134022949,0.0234256272401403,-0.32511997
2019-04,206.88666666666668,5.332171139304546,0.7866953588632875,26.1,24.0,-1.5727747491132402,-2.2357194534356317,,,0.8660254037844387,-0.4999999999999998,-0.2265863861375763,-0.2683244433911371,0.7866953588632875,-0.296500637005308,-0.109913393941972,0.016736111111114838,1.2981863
2019-05,165.2064516129032,5.1071959136711875,0.0508435055932245,73.2,20.0,-0.993647257503118,-2.489884564342202,,,0.4999999999999999,-0.8660254037844387,0.7866953588632875,-0.1901390681985189,0.0508435055932245,-0.2265863861375763,-0.296500637005308,-0.24463709677419487,0.20341969
2019-06,78.17333333333333,4.358928583427905,-0.688838802089494,37.5,29.0,-0.9620569319922948,-2.073570993299259,-2.927732296115538,,1.2246467991473532e-16,-1.0,0.0508435055932245,-0.0759836536311613,-0.688838802089494,0.7866953588632875,-0.2265863861375763,-0.24844109195402453,0.022765636
2019-07,126.29032258064515,4.838583403939757,-0.3060704917567669,166.7,30.0,0.2500616035782333,-0.801092745810185,-1.9704324771196997,,-0.4999999999999998,-0.8660254037844388,-0.688838802089494,-0.6096138038624235,-0.3060704917567669,0.0508435055932245,0.7866953588632875,0.07681626928471275,-0.32354832
2019-08,283.72903225806454,5.648019670939469,0.2861696983699158,110.0,21.0,-1.0174868400618493,-0.9396578579442134,-2.07580351009475,,-0.8660254037844384,-0.5000000000000004,-0.3060704917567669,-0.060326601940982,0.2861696983699158,-0.688838802089494,0.0508435055932245,-0.03688639551192452,-0.10784149
2019-09,210.2866666666667,5.348471679208759,-0.148516373815962,84.2,26.0,-1.150296757265561,-1.1074359673326597,-2.0643261722727324,,-1.0,-1.8369701987210294e-16,0.2861696983699158,-0.1021836920743988,-0.148516373815962,-0.3060704917567669,-0.688838802089494,0.2747861069465287,-1.2489486
2019-10,102.39032258064516,4.628792202091042,-0.9316944512121496,218.9,31.0,0.3715752394916985,-1.037181240539938,-1.370344523624467,,-0.8660254037844386,0.5000000000000001,-0.148516373815962,-0.4893083962280118,-0.9316944512121496,0.2861696983699158,-0.3060704917567669,0.3510528284244998,-0.21165037
2019-11,82.36333333333333,4.411140354061976,-1.1341212202475823,108.7,30.0,-0.5594202143010255,-0.8865102064869245,-1.1890576306104002,,-0.5000000000000004,0.8660254037844384,-0.9316944512121496,-0.4545909438015378,-1.1341212202475823,-0.148516373815962,0.2861696983699158,0.431898550724636,-0.8625088
2019-12,111.38387096774194,4.712982532161132,-0.4628163724319352,154.7,31.0,0.3267964154222117,-0.0507922174422603,-0.8782520002074505,-2.0393367992574505,-2.4492935982947064e-16,1.0,-1.1341212202475823,0.0184813521190528,-0.4628163724319352,-0.9316944512121496,-0.148516373815962,0.69197335203366,-0.61284494
2020-01,181.1967741935484,5.199583590986553,0.3524253240739217,175.8,29.0,1.135195657227468,0.1363653398546248,-0.7068200333959155,-1.6354929422816182,0.4999999999999999,0.8660254037844387,-0.4628163724319352,0.1902513267482255,0.3524253240739217,-1.1341212202475823,-0.9316944512121496,0.49920698924731255,-0.4188161
2020-02,116.43793103448276,4.757358350207733,0.1419895999229705,143.8,29.0,1.1265432239510842,1.139003699870666,-0.0375916039672378,-1.388596371697519,0.8660254037844386,0.5000000000000001,0.3524253240739217,0.0154888152267871,0.1419895999229705,-0.4628163724319352,-1.1341212202475823,0.5009336229702583,0.78330517
2020-03,186.00322580645164,5.2257640166082515,0.8028492148453896,289.2,31.0,2.1783271366069377,2.3129221240030184,1.266574743754441,-0.6688562072572478,1.0,6.123233995736766e-17,0.1419895999229705,0.3527885019361523,0.8028492148453896,0.3524253240739217,-0.4628163724319352,0.2124578853046586,1.0165591
2020-04,58.14333333333333,4.062911226361933,-0.4825645540793255,56.9,28.0,-0.8646019217897049,1.318877167256063,0.8508520326514549,-0.5033220509092138,0.8660254037844387,-0.4999999999999998,0.8028492148453896,0.1524241916154072,-0.4825645540793255,0.1419895999229705,0.3524253240739217,0.5747361111111147,-0.480587
2020-05,43.306451612903224,3.7683016218978738,-1.2880507861800896,55.9,31.0,-1.2902532589632778,0.0680442842885957,0.593870657862524,-0.6215512625803211,0.4999999999999999,-0.8660254037844387,-0.4825645540793255,-0.5265068242100928,-1.2880507861800896,0.8028492148453896,0.1419895999229705,0.6092338709677385,-0.20334482
2020-06,27.3,3.3068867021909143,-1.7408806833264845,37.8,30.0,-0.955197738087816,-1.9145331568107864,0.2335172200715823,-0.6038880105376615,1.2246467991473532e-16,-1.0,-1.2880507861800896,-0.0286461469648924,-1.7408806833264845,-0.4825645540793255,0.8028492148453896,0.3945589080459797,-0.1832099
2020-07,392.2129032258065,5.971804812827916,0.8271509171313918,461.9,31.0,2.2904605141535717,0.5507013824202538,1.0671911056394547,0.2137928918982897,-0.4999999999999998,-0.8660254037844388,-1.7408806833264845,-0.0476975277109501,0.8271509171313918,-1.2880507861800896,-0.4825645540793255,0.6971388499298747,-0.123045444
2020-08,124.19354838709675,4.821841222796683,-0.5400087497728698,147.9,31.0,-0.4737491369131567,0.8852133395118745,0.591538908390486,0.2275963247387442,-0.8660254037844384,-0.5000000000000004,0.8271509171313918,-0.195888955059799,-0.5400087497728698,-1.7408806833264845,-1.2880507861800896,0.1876297335203354,-0.10034609
2020-09,94.33333333333331,4.546834608975128,-0.9501534440495938,126.1,30.0,-0.5869307304802144,0.8142205677493309,-0.3887574002341161,0.3378443191063197,-1.0,-1.8369701987210294e-16,-0.5400087497728698,-0.3851924468699903,-0.9501534440495938,0.8271509171313918,-1.7408806833264845,0.4844527736131923,-0.7406962
2020-10,365.1290322580645,5.900250804147274,0.3397641508440818,144.29999999999998,27.0,-0.3607730406023353,-1.0033043633227388,-0.3037655695962963,0.1365581666922456,-0.8660254037844386,0.5000000000000001,-0.9501534440495938,0.0059375304339661,0.3397641508440818,-0.5400087497728698,0.8271509171313918,0.0046012155212729056,0.9074631
2020-11,1014.4333333333332,6.9220854432902925,1.3768238689807344,121.6,30.0,-0.4088827303968458,-1.016649197667484,-0.0603104204545853,0.1675557986485483,-0.5000000000000004,0.8660254037844384,0.3397641508440818,0.1975115260167886,1.3768238689807344,-0.9501534440495938,-0.5400087497728698,-0.02843478260869503,0.67100763
2020-12,196.1290322580645,5.278772770475066,0.1029738658819985,79.5,31.0,-0.7171287424370848,-0.8271243691596105,0.0006779243895482,0.0375903937853299,-2.4492935982947064e-16,1.0,1.3768238689807344,-0.10747990560788,0.1029738658819985,0.3397641508440818,-0.9501534440495938,0.27003786816269226,-0.69323015
2021-01,107.19354838709675,4.674636063869448,-0.172522203043183,98.8,31.0,-0.0211223723156998,-0.7261553424331556,-1.288256048084674,-0.1362091656129204,0.4999999999999999,0.8660254037844387,0.1029738658819985,-0.3434593123487215,-0.172522203043183,1.3768238689807344,0.3397641508440818,0.18920698924731383,0.08397722
2021-03,52.29354838709677,3.956873005662381,-0.4660417961004808,124.2,27.0,0.5950732814696188,0.0780835548895969,-0.7828474195795725,-0.8862839892678455,1.0,6.123233995736766e-17,-0.172522203043183,0.141172389192238,-0.4660417961004808,0.1029738658819985,1.3768238689807344,-0.08711200716846079,0.6422496
2021-04,42.559999999999995,3.750914845033389,-0.79456093540787,92.9,30.0,-0.2754434803931164,-0.1281468944845329,-0.798661885114275,-0.7016411743256893,0.8660254037844387,-0.4999999999999998,-0.4660417961004808,-0.1325484252493214,-0.79456093540787,-0.172522203043183,0.1029738658819985,-0.0689305555555535,-0.12849522
2021-05,27.993548387096773,3.331974068879104,-1.724378339198859,305.2,31.0,1.0508999326879025,0.8089769207203904,-0.0474885442613661,-0.0443773368289841,0.4999999999999999,-0.8660254037844387,-0.79456093540787,-0.1693005914250263,-1.724378339198859,-0.4660417961004808,-0.172522203043183,-0.07334677419354918,0.41684628
2021-06,237.41,5.469788604287577,0.4220212187701779,237.8,30.0,1.2838247253582418,1.1093294156802638,0.8885230035061848,0.5024796449963043,1.2246467991473532e-16,-1.0,-1.724378339198859,0.928052648076016,0.4220212187701779,-0.79456093540787,-0.4660417961004808,-0.22410775862068988,0.3431735
2021-07,125.70967741935485,4.8339751008535625,-0.3106787948429614,222.9,31.0,0.7577691817469402,1.2905509442302834,1.0615329929369022,-0.1403961423176911,-0.4999999999999998,-0.8660254037844388,0.4220212187701779,0.361619788032842,-0.3106787948429614,-1.724378339198859,-0.79456093540787,-0.16931276297335174,0.41394377
2021-08,145.3741935483871,4.979311063434875,-0.382538909134678,144.3,31.0,-0.520927800414193,0.6941238483190295,0.8493990329755298,-0.3061245910426341,-0.8660254037844384,-0.5000000000000004,-0.3106787948429614,0.5869922508660945,-0.382538909134678,0.4220212187701779,-1.724378339198859,-0.2423702664796643,-0.36537552
2021-09,79.95,4.381401439279963,-1.1155866137447583,172.7,30.0,-0.0979980964244593,-0.0764132409659769,0.5506112107488814,-0.1578776170342586,-1.0,-1.8369701987210294e-16,-0.382538909134678,-0.373723382098055,-1.1155866137447583,-0.3106787948429614,0.4220212187701779,0.2487056471764113,-1.6038504
2021-10,209.13225806451615,5.342966865528467,-0.2175197877747248,272.2,31.0,0.7972403576483852,-0.0212720443849123,0.8398136688795289,0.2179160912478196,-0.8660254037844386,0.5000000000000001,-1.1155866137447583,-0.3731148277568337,-0.2175197877747248,-0.382538909134678,-0.3106787948429614,0.147827021972887,-0.44667482
2021-11,90.02333333333333,4.50006889598765,-1.045192678321908,115.0,30.0,-0.4845916018494589,-0.0274789594067564,0.3259165860641478,0.1973501260483718,-0.5000000000000004,0.8660254037844384,-0.2175197877747248,-0.2874102475655649,-1.045192678321908,-1.1155866137447583,-0.382538909134678,0.2428985507246395,-0.70469475
2021-12,94.34193548387096,4.546925793692632,-0.6288731109004351,151.3,31.0,0.2876452365054562,0.224546522691336,-0.0091995773246058,0.3943530424321451,-2.4492935982947064e-16,1.0,-1.045192678321908,-0.3792126033211284,-0.6288731109004351,-0.2175197877747248,-1.1155866137447583,0.2784249649368853,0.19372702
2022-01,54.61290322580645,4.000270177647989,-0.8468880892646418,27.3,31.0,-1.957755704146482,-0.7711483907913638,-0.5834292261788171,0.2550184546728722,0.4999999999999999,0.8660254037844387,-0.6288731109004351,-0.2589554461030043,-0.8468880892646418,-1.045192678321908,-0.2175197877747248,0.3250134408602179,-1.7908611
2022-02,278.6535714285714,5.629969330831208,1.0146005805464453,332.5,26.0,2.8572277461824647,1.4015950239947446,0.6972570956230184,1.0370322871083355,0.8660254037844386,0.5000000000000001,-0.8468880892646418,0.6440322609123947,1.0146005805464453,-0.6288731109004351,-1.045192678321908,0.2372390416894703,0.5921631
2022-03,72.91612903225807,4.289309863270542,-0.1336049384923194,122.5,31.0,0.5731514361548197,1.5654414766484694,0.9978354981610053,0.9215584837905476,1.0,6.123233995736766e-17,1.0146005805464453,-0.0087179062126305,-0.1336049384923194,-0.8468880892646418,-0.6288731109004351,0.11632885304659268,1.3792968
2022-04,63.32333333333334,4.148253876288848,-0.3972219041524107,51.9,30.0,-0.9631397679568092,1.415404526533384,0.3051105742902553,0.8950691741985599,0.8660254037844387,-0.4999999999999998,-0.1336049384923194,-0.3515827893754928,-0.3972219041524107,1.0146005805464453,-0.8468880892646418,-0.21426388888889036,1.2030468
2022-05,67.81290322580645,4.216752489904108,-0.8395999181738549,161.8,29.0,0.0255434072949697,-0.4019301867969562,0.4375294468551807,0.5241894681402345,0.4999999999999999,-0.8660254037844387,-0.3972219041524107,-0.3347168425471893,-0.8395999181738549,-0.1336049384923194,1.0146005805464453,-0.24302419354838634,0.49037552
2022-06,49.36333333333334,3.8992079083813023,-1.1485594771360963,47.5,30.0,-0.749533527537397,-0.9153978072035344,0.1637207980098373,0.0252479844022245,1.2246467991473532e-16,-1.0,-0.8395999181738549,-0.2124971341091215,-1.1485594771360963,-0.3972219041524107,-0.1336049384923194,0.05189224137930992,-0.7664008
2022-07,303.31290322580645,5.7147649565717025,0.5701110608751785,225.8,29.0,0.7815645276480401,0.0396882488794958,0.7111232746609993,0.0255803405168008,-0.4999999999999998,-0.8660254037844388,-1.1485594771360963,0.0609689392580785,0.5701110608751785,-0.8395999181738549,-0.3972219041524107,-0.02931276297335117,0.28319836
2022-08,119.9483870967742,4.787061542732391,-0.5747884298371622,241.2,31.0,0.5449921363166008,0.2566563864197301,-0.1319086534616711,0.1866684182535676,-0.8660254037844384,-0.5000000000000004,0.5701110608751785,-0.053496748975151,-0.5747884298371622,-1.1485594771360963,-0.8395999181738549,0.09021037868162196,-0.6054125
2022-10,434.03225806451616,6.07311885867586,0.5126322053726682,393.5,31.0,1.5961577385555024,2.7984545196968056,1.8315738429478756,1.7518786031367786,-0.8660254037844386,0.5000000000000001,-0.5747884298371622,0.0323631166590914,0.5126322053726682,0.5701110608751785,-1.1485594771360963,-0.3389686769518434,0.023508072
2022-11,771.2666666666667,6.648034184926678,1.1027726106171205,158.6,22.0,-0.0263197677491794,2.65435423150228,1.8425958890295704,1.9359723203415284,-0.5000000000000004,0.8660254037844384,0.5126322053726682,0.1389818340393961,1.1027726106171205,-0.5747884298371622,0.5701110608751785,-0.31710144927536277,-0.06766319
2022-12,146.74193548387098,4.988675503084858,-0.1871234015082095,88.3,31.0,-0.569653449361261,0.6786533664760959,2.032349227391326,1.4905542859758945,-2.4492935982947064e-16,1.0,1.1027726106171205,-0.0027164106672484,-0.1871234015082095,0.5126322053726682,-0.5747884298371622,-0.3667363253856948,-0.9983249
2023-01,129.18387096774194,4.86123674584465,0.0140784789320189,191.9,30.0,1.3323826300075474,0.1341750053543963,2.1552671019685756,1.865144158726992,0.4999999999999999,0.8660254037844387,-0.1871234015082095,-0.2345075605658368,0.0140784789320189,1.1027726106171205,0.5126322053726682,0.03307795698924565,-0.37001705
2023-03,39.900000000000006,3.686376323895818,-0.7365384778670441,111.5,31.0,0.4263657866806788,0.8202321977646404,0.9739539981007992,1.4512156014320756,1.0,6.123233995736766e-17,0.0140784789320189,-0.1457355867498642,-0.7365384778670441,-0.1871234015082095,1.1027726106171205,-0.05560663082437145,-1.0018897
2023-04,311.94,5.7428108616236795,1.1973350811824206,307.8,30.0,1.6916326601775915,1.3205990561349852,0.8504476138936471,2.065038543002926,0.8660254037844387,-0.4999999999999998,-0.7365384778670441,-0.173705785772366,1.1973350811824206,0.0140784789320189,-0.1871234015082095,0.03540277777777945,-1.0471087
2023-05,79.4483870967742,4.375107591917933,-0.6812448161600297,54.0,31.0,-1.3267701297193524,0.5223952185995774,0.311551122736977,1.872443645995691,0.4999999999999999,-0.8660254037844387,1.1973350811824206,-0.4087877630367058,-0.6812448161600297,-0.7365384778670441,0.0140784789320189,0.6363306451612907,-0.95745087
2023-06,69.87666666666668,4.246731783307681,-0.8010356022097174,61.2,30.0,-0.5005249071699617,0.1074665348433073,0.3960610321833581,1.8983148145829365,1.2246467991473532e-16,-1.0,-0.6812448161600297,-0.2042146546170467,-0.8010356022097174,1.1973350811824206,-0.7365384778670441,0.7275589080459746,-1.1129327
2023-07,187.9516129032258,5.236184551528171,0.0915306558316473,179.29999999999998,29.0,0.3727070601959554,-0.6960702753007026,0.1168957536712603,1.7021298607116062,-0.4999999999999998,-0.8660254037844388,-0.8010356022097174,0.0778626700464375,0.0915306558316473,-0.6812448161600297,1.1973350811824206,0.6993969144460053,-0.51518583
2023-08,336.57096774193553,5.818809026527429,0.4569590539578758,268.2,31.0,0.7889759064052719,0.2269369774525533,0.3567591638183502,1.9097741437620044,-0.8660254037844384,-0.5000000000000004,0.0915306558316473,-0.3044110115616059,0.4569590539578758,-0.8010356022097174,-0.6812448161600297,0.72408134642356,-1.2724934
2023-09,98.71,4.5921862584297966,-0.9048017945949248,181.0,30.0,-0.0207394791173237,0.3489178822773878,0.1683788170886028,0.5811906054974367,-1.0,-1.8369701987210294e-16,0.4569590539578758,-0.328951817550307,-0.9048017945949248,0.0915306558316473,-0.8010356022097174,0.7227861069465291,-1.9582009
2023-11,175.62,5.168322569931849,-0.376939004377709,56.8,30.0,-1.3035237887652236,0.1221307619824065,0.122117183469569,0.1850443292961983,-0.5000000000000004,0.8660254037844384,-0.9048017945949248,-0.6401939016509826,-0.376939004377709,0.4569590539578758,0.0915306558316473,0.3755652173913049,0.05736637
2023-12,119.8,4.785823685681349,-0.3899752189117187,98.5,31.0,-0.4093667107015133,0.069772977394499,0.1801418238440868,0.2473431793116886,-2.4492935982947064e-16,1.0,-0.376939004377709,-0.5671124245773836,-0.3899752189117187,-0.9048017945949248,0.4569590539578758,0.3485217391304367,-0.12963772
2024-01,49.55161290322581,3.9030148112699536,-0.9441434556426772,40.1,31.0,-1.4512526018955128,-1.580380057172642,-0.1502673741732075,-0.0950193638596476,0.4999999999999999,0.8660254037844387,-0.3899752189117187,-0.7301037793235379,-0.9441434556426772,-0.376939004377709,-0.9048017945949248,0.32114247311828237,-0.17722178
2024-02,150.66551724137932,5.015062262206123,0.3996935119213605,163.5,29.0,1.356692500093402,-0.310564987630888,-0.0168614281648147,0.2178993980218003,0.8660254037844386,0.5000000000000001,-0.9441434556426772,0.1664859433922751,0.3996935119213605,-0.3899752189117187,-0.376939004377709,0.3936922436599133,-3.0348725
2024-03,79.00322580645161,4.369488684626436,-0.0534261171364258,169.5,31.0,1.1200854655002956,0.8112128701036919,0.4185345609586353,0.2681257913544728,1.0,6.123233995736766e-17,0.3996935119213605,-0.0650926998728482,-0.0534261171364258,-0.9441434556426772,-0.3899752189117187,0.6575546594982065,-1.4021649
2024-04,351.4566666666667,5.862086422475058,1.3166106420337993,257.0,30.0,1.3374009863082663,1.8597375021740736,0.2373165886860535,0.2097625419076409,0.8660254037844387,-0.4999999999999998,-0.0534261171364258,0.0248305910999184,1.3166106420337993,0.3996935119213605,-0.9441434556426772,0.6474027777777778,0.2648697
2024-05,412.5290322580645,6.0223065845297645,0.9659541764518016,117.9,31.0,-0.4107624824918184,0.9324816056958336,0.4331667523252588,0.345383674023325,0.4999999999999999,-0.8660254037844387,1.3166106420337993,0.1598814408581224,0.9659541764518016,-0.0534261171364258,0.3996935119213605,1.1985887096774164,-1.1728978
2024-06,371.1,5.916471568066552,0.8687041825491528,141.5,30.0,0.498351886096676,0.5802539137136288,0.7712250518656639,0.5627084423501687,1.2246467991473532e-16,-1.0,0.9659541764518016,-0.0490617576853857,0.8687041825491528,1.3166106420337993,-0.0534261171364258,1.250225574712644,-1.3194737
2024-07,258.1290322580645,5.5534595849320345,0.4088056892355105,125.4,31.0,-0.201814721826592,-0.2018757729268642,0.8266180703650273,0.3965053584986585,-0.4999999999999998,-0.8660254037844388,0.8687041825491528,0.1752221398510589,0.4088056892355105,0.9659541764518016,1.3166106420337993,0.9148807854137431,-0.5389948
2024-08,453.06451612903226,6.116034535053198,0.754184562483645,286.9,31.0,0.9487058746599764,0.4524014296569594,0.7542352373139914,0.3822112853343883,-0.8660254037844384,-0.5000000000000004,0.4088056892355105,0.1675782219218724,0.754184562483645,0.8687041825491528,0.9659541764518016,0.7021458625525909,-0.539094
2024-09,310.1333333333333,5.737002312536345,0.2400142595116232,174.1,30.0,-0.0847930573174933,0.152168615237866,0.3295772903415445,0.3509327607003667,-1.0,-1.8369701987210294e-16,0.754184562483645,-0.0167771589762877,0.2400142595116232,0.4088056892355105,0.8687041825491528,0.9231194402798621,-0.765121
2024-10,190.7225806451613,5.250819914852771,-0.3096667384504208,167.8,30.0,-0.1070156461273403,0.1778939927037464,-0.172042937111554,-0.1532484436828453,-0.8660254037844386,0.5000000000000001,0.2400142595116232,-0.2305953833170673,-0.3096667384504208,0.754184562483645,0.4088056892355105,1.2126657316503078,-0.93692756
2024-11,756.2333333333333,6.628349970534705,1.083088396225147,296.9,29.0,1.0365107579067074,0.3684676928782674,0.4075280846420502,0.5138452315486832,-0.5000000000000004,0.8660254037844384,-0.3096667384504208,0.1791108516595113,1.083088396225147,0.2400142595116232,0.754184562483645,0.8072318840579698,-1.1599765
2024-12,291.8709677419355,5.67631181331081,0.5005129087177425,116.3,31.0,-0.1526035960583831,0.4203029819691183,0.2862243675662834,0.5228350079174408,-2.4492935982947064e-16,1.0,1.083088396225147,-0.1338850238374515,0.5005129087177425,-0.3096667384504208,0.2400142595116232,0.951973352033658,-0.8724923
2025-01,157.16129032258064,5.057272604904587,0.2101143379919561,111.1,31.0,0.1963201794418551,0.5751191952552791,0.4018016367907304,0.7092120348336597,0.4999999999999999,0.8660254037844387,0.5005129087177425,0.1225103850303994,0.2101143379919561,1.083088396225147,-0.3096667384504208,0.6553360215053772,0.029117107
2025-02,170.46785714285716,5.138546757794962,0.5231780075101993,59.8,27.0,-0.1888456226545944,-0.459937272112022,0.1290420287870364,0.6094359806528277,0.8660254037844386,0.5000000000000001,0.2101143379919561,-0.221898094570895,0.5231780075101993,0.5005129087177425,1.083088396225147,0.6336676131180425,1.154706
2025-03,157.86129032258063,5.061716738088107,0.6388019363252448,150.6,29.0,0.9133990705866344,0.4038972458457313,0.516811177655118,0.4566167648680059,1.0,6.123233995736766e-17,0.5231780075101993,-0.108669550564868,0.6388019363252448,0.2101143379919561,0.5005129087177425,0.8698772401433672,-1.4347472
2025-04,204.4633333333333,5.320388660303346,0.7749128798620868,148.4,28.0,0.3941838714039932,0.4893739859646824,0.6617190028136118,0.252628062358671,0.8660254037844387,-0.4999999999999998,0.6388019363252448,-0.1515883637389345,0.7749128798620868,0.5231780075101993,0.2101143379919561,0.4140694444444435,-0.537467
2025-05,436.4193548387097,6.078603604118214,1.0222511960402514,132.9,27.0,-0.2507693965633023,0.2646101911133346,-0.2998417543787688,0.2588521829196692,0.4999999999999999,-0.8660254037844387,0.7749128798620868,0.0368189246143355,1.0222511960402514,0.6388019363252448,0.5231780075101993,0.22052419354838193,-0.018672466
2025-07,93.7,4.540098189244376,-0.6045557064521478,69.0,30.0,-1.0291352989643414,-1.1797126832892806,-0.7891115405913348,-0.2172970734854812,-0.4999999999999998,-0.8660254037844388,1.0222511960402514,0.1016538491722629,-0.6045557064521478,0.7749128798620868,0.6388019363252448,0.23326788218793837,-0.63629866
2025-08,124.21935483870968,4.822048993418665,-0.539800979150888,231.8,31.0,0.4558566448225927,-0.8957365409790631,-0.5324176187379528,-0.5591096794561282,-0.8660254037844384,-0.5000000000000004,-0.6045557064521478,0.160065351896244,-0.539800979150888,1.0222511960402514,0.7749128798620868,0.37246844319775363,-1.8800058
2025-09,108.68,4.688407784558147,-0.8085802684665744,192.4,24.0,0.0815733508932942,-0.3196919064589883,-0.7319377384000727,-0.485628804966229,-1.0,-1.8369701987210294e-16,-0.539800979150888,-0.0361974894391572,-0.8085802684665744,-0.6045557064521478,1.0222511960402514,0.3814527736131943,-0.9658539
2025-10,188.34516129032255,5.238276243817733,-0.322210409485459,27.699999999999996,24.0,-2.5240375754014757,-0.7911051682301647,-1.443719603450898,-0.8756403570556591,-0.8660254037844386,0.5000000000000001,-0.8085802684665744,0.2192376448661417,-0.322210409485459,-0.539800979150888,-0.6045557064521478,0.39266573165030394,-1.0837748
2025-11,157.59,5.05999672363398,-0.4852648506755779,35.1,29.0,-1.6974781497218947,-2.0716527804771445,-1.8542063137015388,-1.8549895447985256,-0.5000000000000004,0.8660254037844384,-0.322210409485459,-0.1910784091560062,-0.4852648506755779,-0.8085802684665744,-0.539800979150888,0.29356521739130415,0.118285656
2025-12,126.23225806451612,4.838123528098127,-0.33767537649494,125.6,28.0,-0.0282155192490829,-2.0495915123386785,-1.5767879380642875,-1.3606496470289495,-2.4492935982947064e-16,1.0,-0.4852648506755779,-0.435220559861983,-0.33767537649494,-0.322210409485459,-0.8085802684665744,0.4239088359046299,-0.98188496
2026-01,89.04838709677419,4.489179897238953,-0.3579783696736776,82.1,27.0,-0.3478149942246837,-1.1609820186076656,-1.397668984505989,-1.4801331213207092,0.4999999999999999,0.8660254037844387,-0.33767537649494,-0.2481110833449304,-0.3579783696736776,-0.4852648506755779,-0.322210409485459,0.8314650537634414,-1.2323065
2026-02,222.19642857142856,5.403561804040482,0.7881930537557196,117.9,21.0,0.791471817530087,-0.0847601879451337,-1.5204522078412654,-1.3835801290772531,0.8660254037844386,0.5000000000000001,-0.3579783696736776,0.657266421093029,0.7881930537557196,-0.33767537649494,-0.4852648506755779,0.6111676131180417,-1.8321476
