year_month,log_chl_merged
2003-01,-1.0680242832282139
2003-02,-1.595212081107626
2003-03,-2.025369162528125
2003-04,-1.680015968233518
2003-05,-2.058760868606149
2003-06,-1.3695021429145156
2003-08,-1.4034272952203348
2003-09,-1.5209337959679547
2003-10,-1.6591068688783766
2003-11,-0.13242728808661144
2003-12,-0.7909973584299193
2004-01,-0.9373758437021701
2004-02,-1.4340114262660877
2004-03,-1.4198009907875349
2004-04,-1.4065108440424972
2004-05,-1.940128395650867
2004-06,-1.5847203001562236
2004-07,-1.9244363698919835
2004-08,-2.1689432897983276
2004-09,-1.1116906893343752
2004-10,-0.7456192145008635
2004-11,-0.2867017198211611
2004-12,-0.8286413553245338
2005-01,-0.6779945635095975
2005-02,-0.8985450593459366
2005-03,-2.0236965707242573
2005-04,-2.1197084819378795
2005-05,-1.0325415825506652
2005-07,-1.900952653519391
2005-08,-1.1445630377945037
2005-09,-1.927178070081752
2005-10,-0.8422834121071433
2005-11,-0.9212467426322936
2005-12,-0.9789164169829467
2006-01,-1.446700631776675
2006-02,-1.5728842141437953
2006-03,-1.912278462956738
2006-04,-1.692250842521915
2006-05,-1.9413087517400902
2006-06,-2.438054075820397
2006-07,-1.889759638812922
2006-08,-1.5123420551738966
2006-09,-1.1469287025749209
2006-10,-1.6859302634226176
2006-11,-1.2609541750154187
2006-12,-0.9407842002325555
2007-01,-1.6539803609349608
2007-02,-1.6059415319024297
2007-03,-1.9640729740624594
2007-04,-1.492650928227859
2007-05,-1.5717899498279146
2007-06,-2.219669592666738
2007-07,-1.9426980633305495
2007-08,-1.6538457555148638
2007-09,-1.6898477187300918
2007-10,-1.1893707681950456
2007-11,-0.8160467207302384
2007-12,-0.6801006577607736
2008-01,-1.0832961813563946
2008-02,-1.5723288021457507
2008-03,-1.6363557176803372
2008-04,-1.821809224467302
2008-05,-1.9368063397667803
2008-06,-2.537042404208529
2008-07,-1.7373614868757838
2008-08,-1.7829122217952855
2008-09,-1.5154450772199937
2008-10,-1.0363807233830837
2008-11,-1.3835581080770094
2008-12,-1.2289043621281077
2009-01,-1.4626280390894502
2009-02,-1.5515712078246247
2009-03,-1.2687719308467118
2009-04,-1.8112634411261983
2009-05,-1.1141579995036968
2009-06,-1.7624543399354717
2009-07,-1.64593074962648
2009-08,-1.8403789729608078
2009-09,-1.9786102675685227
2009-10,-1.4975924694444702
2009-11,-0.48713107004632705
2009-12,-1.0666769437105978
2010-01,-0.4424409927753474
2010-02,-1.3322636668325063
2010-03,-1.4383827083202905
2010-04,-1.690011646493861
2010-05,-1.102786739576922
2010-06,-1.9695114823076398
2010-07,-1.1033856631145518
2010-08,-1.9340675502649791
2010-09,-1.0959689104726984
2010-10,-0.9303950441992062
2010-11,-0.8547004000351948
2010-12,-1.2094913367877211
2011-01,-1.2720999792077754
2011-02,-1.6030744522617872
2011-03,-1.832406479059024
2011-04,-1.8841552250946203
2011-05,-1.165104717440554
2011-06,-1.3118022913125462
2011-07,-1.5805589528837236
2011-08,-1.3546271036215236
2011-09,-1.1667103374140864
2011-10,-0.9787051771256247
2011-11,-0.1429109578239724
2011-12,0.22655622152539556
2012-01,-0.6374045740579285
2012-02,-1.652768911249877
2012-03,-1.629784945034817
2012-04,-1.785984178371528
2012-05,-1.295496163195741
2012-06,-1.9051655975336899
2012-07,-2.179585686288706
2012-08,-1.9778673852414366
2012-09,-1.5890968271912478
2012-10,-1.2619674500632787
2012-11,-1.1202028208140538
2012-12,-0.7804786996986955
2013-01,-1.1405036047088908
2013-02,-1.636561837646097
2013-03,-1.5496913230341576
2013-04,-1.9505286730366969
2013-05,-1.377628022548952
2013-07,-1.450365791361401
2013-08,-1.6823930877750133
2013-09,-0.9830313424986985
2013-10,-1.7340300934179187
2013-11,-0.7367133013363669
2013-12,-0.8806747652313469
2014-01,-1.5378407683440938
2014-02,-1.3074998166934977
2014-03,-1.8787170294840132
2014-04,-1.507644250442368
2014-05,-1.6624721951469175
2014-06,-2.0538354927409617
2014-07,-1.7197677757059757
2014-08,-1.7997967946684386
2014-09,-1.132282562349229
2014-10,-1.2104237084048872
2014-11,-1.0667346890522842
2014-12,-1.2526267165280889
2015-01,-1.5068002804617255
2015-02,-1.162651014724053
2015-03,-1.7839848748609832
2015-04,-2.2778475984840534
2015-05,-1.9443345087786694
2015-06,-1.6430415597807864
2015-07,-2.0515272820810044
2015-08,-1.6079299250188719
2015-09,-1.8691016403850034
2015-10,-1.4978497085204152
2015-11,-1.3838104535740265
2015-12,-1.0858037246756063
2016-01,-1.574498423976213
2016-02,-1.6512374783716295
2016-03,-1.2950356912454275
2016-04,-1.8781740397966158
2016-05,-1.8740619188212457
2016-06,-1.849456192930763
2016-07,-1.6601874730926833
2016-08,-0.9408402453286963
2016-09,-1.7330194409665256
2016-10,-1.00300548808735
2016-11,-0.8493127267845686
2016-12,-0.7838488665533816
2017-01,-1.3348940017140036
2017-02,-1.8791052089288482
2017-03,-1.5623376515376903
2017-04,-2.003267360963112
2017-05,-1.374702541613023
2017-06,-2.0825460807782017
2017-07,-1.088587778635592
2017-08,-1.3398572489213927
2017-09,-0.33560073923540196
2017-10,-0.7176080378826436
2017-11,-0.5574766487758878
2017-12,-0.7436466085638681
2018-01,-0.3838853677984184
2018-02,-1.2214889578466845
2018-03,-0.8722745791131516
2018-04,-1.9342945196906491
2018-05,-1.9036286453369633
2018-06,-1.899518116439443
2018-07,-1.8266215096115765
2018-08,-1.7159260010634605
2018-09,-1.6553976398216768
2018-10,-1.4313631312734874
2018-11,-1.1220304444424332
2018-12,-1.338569092321751
2019-01,-1.5198960419288556
2019-02,-1.985537551915644
2019-03,-1.8821295549156072
2019-04,-2.119026545338847
2019-05,-1.8761681880726346
2019-06,-1.961693751088997
2019-07,-2.315061191865425
2019-08,-1.6577769433794296
2019-09,-1.5830505513756723
2019-10,-1.755377888368582
2019-11,-1.3408176661456779
2019-12,-0.9796905515783547
2020-01,-1.0557862855151934
2020-02,-1.4198822361351708
2020-03,-1.275914707435275
2020-04,-1.6982779103323025
2020-05,-2.2125359440842085
2020-06,-1.914356244422728
2020-07,-1.7531449157139516
2020-08,-1.7933392964982466
2020-09,-1.8660593061712638
2020-10,-1.260131961706604
2020-11,-0.6887151963273513
2020-12,-1.1056518093052876
2021-01,-1.5894969246121404
2021-03,-1.4875308201791893
2021-04,-1.983250527197031
2021-05,-1.855329711299142
2021-06,-0.9576574493818196
2021-07,-1.3438275999701594
2021-08,-1.010458090572353
2021-09,-1.8545902413993285
2021-10,-1.6391843198974039
2021-11,-1.173636969909705
2021-12,-1.377384507018536
2022-01,-1.5049930583664233
2022-02,-0.7913387904495632
2022-03,-1.637421115584058
2022-04,-2.2022848913232025
2022-05,-2.020745962421305
2022-06,-2.098207231566957
2022-07,-1.6444784487449229
2022-08,-1.6509470904135986
2022-10,-1.2337063754814788
2022-11,-0.7472448883047439
2022-12,-1.000888314364656
2023-01,-1.4805451728292558
2023-03,-1.7744387961212915
2023-04,-2.0244078877200757
2023-05,-2.0948168829108216
2023-06,-2.0899247520748823
2023-07,-1.627584717956564
2023-08,-1.9018613530000534
2023-09,-1.8098186768515805
2023-11,-1.5264206239951226
2023-12,-1.5652843282747912
2024-01,-1.9761413915869568
2024-02,-1.2688851079696828
2024-03,-1.6937959092442756
2024-04,-1.8258715108477912
2024-05,-1.5261476790159934
2024-06,-1.9347718551432214
2024-07,-1.5302252481519425
2024-08,-1.4298721195165751
2024-09,-1.4976440182775612
2024-10,-1.4966648754576375
2024-11,-0.7071158706846287
2024-12,-1.132056927534859
2025-01,-1.1235272272330195
2025-02,-1.657269145932853
2025-03,-1.7373727599362954
2025-04,-2.0022904656866443
2025-05,-1.6492101952597802
2025-07,-1.6037935388307385
2025-08,-1.4373849895422035
2025-09,-1.5170643487404307
2025-10,-1.0468318472744285
2025-11,-1.0773051315001463
2025-12,-1.4333924635593907
2026-01,-1.4941486956083494
2026-02,-0.778104630268929
2026-03,-1.507312270222541
2026-04,-1.6253234853684662
2026-05,-1.9340349738097442
2026-06,-2.0169810934100383
